bp_account,gps_change
130****2834,0.0
130****4253,0.0
130****4349,0.0
130****7398,0.0
130****8766,0.0
131****0131,0.0
131****2324,0.0
131****3198,0.0
131****5238,0.0
131****5999,0.0
131****9509,0.0
132****4773,0.0
132****7881,0.0
132****9636,0.0
133****0006,0.0
133****0012,0.0
133****0055,0.0
133****0070,0.0
133****0077,0.0
133****0082,0.0
133****0145,0.0
133****0179,0.0
133****0180,0.0
133****0181,5685.19686658383
133****0189,0.0
133****0191,0.0
133****0218,0.0
133****0236,0.0
133****0255,0.0
133****0288,0.0
133****0311,0.0
133****0331,0.0
133****0336,0.0
133****0369,0.0
133****0370,0.0
133****0381,0.0
133****0386,0.0
133****0422,0.0
133****0465,0.0
133****0512,0.0
133****0536,0.0
133****0547,0.0
133****0567,0.0
133****0582,0.0
133****0595,0.0
133****0601,0.0
133****0622,0.0
133****0652,0.0
133****0658,0.0
133****0670,0.0
133****0694,0.0
133****0708,0.0
133****0751,5.713392826559988
133****0760,0.0
133****0768,0.0
133****0778,0.0
133****0783,0.0
133****0785,0.0
133****0786,0.0
133****0802,0.0
133****0856,0.0
133****0879,0.0
133****0883,0.0
133****0888,0.0
133****0955,0.0
133****0958,0.0
133****0960,0.0
133****0972,0.0
133****0978,0.0
133****0980,0.0
133****0998,0.0
133****1006,0.0
133****1028,0.0
133****1033,6585.645063063199
133****1055,0.0
133****1061,0.0
133****1068,0.0
133****1095,0.0
133****1112,0.0
133****1117,0.0
133****1143,0.0
133****1152,0.0
133****1160,0.0
133****1165,0.0
133****1180,0.0
133****1183,0.0
133****1207,0.0
133****1230,0.0
133****1240,0.0
133****1281,0.0
133****1301,0.0
133****1315,0.0
133****1316,54.27201004799999
133****1338,0.0
133****1341,0.0
133****1377,0.0
133****1388,0.0
133****1395,0.0
133****1409,0.0
133****1473,0.0
133****1481,0.0
133****1488,0.0
133****1497,0.0
133****1498,0.0
133****1503,0.0
133****1624,0.0
133****1628,0.0
133****1646,0.0
133****1659,0.0
133****1695,0.0
133****1717,0.0
133****1726,0.0
133****1740,0.0
133****1747,0.0
133****1759,0.0
133****1783,0.0
133****1788,0.0
133****1801,0.0
133****1816,0.0
133****1821,0.0
133****1863,0.0
133****1896,0.0
133****1916,0.0
133****1951,0.0
133****1965,0.0
133****1984,0.0
133****2007,0.0
133****2008,0.0
133****2030,0.0
133****2076,0.0
133****2100,0.0
133****2101,0.0
133****2113,0.0
133****2181,0.0
133****2186,0.0
133****2221,0.0
133****2226,0.0
133****2227,0.0
133****2240,0.0
133****2305,0.0
133****2331,0.0
133****2340,0.0
133****2366,0.0
133****2383,3933.7825770802
133****2391,0.0
133****2424,0.0
133****2444,0.0
133****2450,0.0
133****2475,0.0
133****2502,16.574081670160016
133****2555,0.0
133****2580,0.0
133****2596,0.0
133****2621,0.0
133****2627,0.0
133****2638,0.0
133****2656,0.0
133****2682,0.0
133****2705,0.0
133****2721,0.0
133****2741,0.0
133****2848,0.0
133****2922,0.0
133****2988,0.0
133****3041,0.0
133****3073,0.0
133****3074,0.0
133****3090,0.0
133****3112,0.0
133****3162,0.0
133****3210,0.0
133****3212,0.0
133****3229,0.0
133****3294,0.0
133****3298,0.0
133****3301,0.0
133****3318,0.0
133****3335,0.0
133****3359,0.0
133****3379,0.0
133****3393,0.0
133****3397,0.0
133****3455,0.0
133****3529,0.0
133****3608,0.0
133****3626,0.0
133****3640,0.0
133****3692,0.0
133****3704,0.0
133****3719,0.0
133****3725,0.0
133****3730,0.0
133****3750,0.0
133****3767,0.0
133****3805,0.0
133****3810,0.0
133****3839,0.0
133****3845,0.0
133****3877,0.0
133****3879,0.0
133****3972,0.0
133****3979,0.0
133****3988,0.0
133****4000,0.0
133****4125,0.0
133****4177,0.0
133****4270,0.0
133****4295,0.0
133****4313,5.020999436605036
133****4320,0.0
133****4332,0.0
133****4380,0.0
133****4389,0.0
133****4445,0.0
133****4489,0.0
133****4526,0.0
133****4545,0.0
133****4626,0.0
133****4777,0.0
133****4792,0.0
133****4898,0.0
133****4901,0.0
133****4912,0.0
133****4916,0.0
133****4940,0.0
133****4950,0.0
133****4999,0.0
133****5000,0.0
133****5051,0.0
133****5101,0.0
133****5108,0.0
133****5123,0.0
133****5131,0.0
133****5140,0.0
133****5176,0.0
133****5185,119.42284673126404
133****5215,0.0
133****5252,0.0
133****5279,0.0
133****5323,0.0
133****5362,0.0
133****5367,0.0
133****5382,0.0
133****5384,0.0
133****5391,0.0
133****5395,0.0
133****5414,0.0
133****5424,0.0
133****5428,0.0
133****5467,0.0
133****5505,0.0
133****5538,2.4916585414599957
133****5562,6.433248310200003
133****5567,0.0
133****5577,0.0
133****5589,0.0
133****5620,0.0
133****5622,0.0
133****5630,0.0
133****5665,0.0
133****5666,0.0
133****5674,0.0
133****5675,0.0
133****5684,0.0
133****5695,0.0
133****5701,0.0
133****5751,0.0
133****5778,0.0
133****5837,0.0
133****5865,0.0
133****5880,0.0
133****5885,0.0
133****5903,0.0
133****5909,4208.3155558608005
133****5936,0.0
133****5966,0.0
133****5978,0.0
133****6001,0.0
133****6007,0.0
133****6036,0.0
133****6150,0.0
133****6163,0.0
133****6181,0.0
133****6212,0.0
133****6218,0.0
133****6222,0.0
133****6276,0.0
133****6279,0.0
133****6294,0.0
133****6335,0.0
133****6338,0.0
133****6350,0.0
133****6413,0.0
133****6421,0.0
133****6500,0.0
133****6503,0.0
133****6508,0.0
133****6527,0.0
133****6533,0.0
133****6558,0.0
133****6595,0.0
133****6601,0.0
133****6663,0.0
133****6689,0.0
133****6711,0.0
133****6725,0.0
133****6769,0.0
133****6770,0.0
133****6795,0.0
133****6818,0.0
133****6855,0.0
133****6866,0.0
133****6889,0.0
133****6896,0.0
133****6908,0.0
133****6921,0.0
133****6958,0.0
133****6969,0.0
133****6981,0.0
133****6996,0.0
133****7003,0.0
133****7027,0.0
133****7111,0.0
133****7167,0.0
133****7176,0.0
133****7187,0.0
133****7228,0.0
133****7266,0.0
133****7273,3836.627383653219
133****7303,0.0
133****7335,0.0
133****7388,0.0
133****7389,0.0
133****7444,0.0
133****7452,0.0
133****7508,0.0
133****7522,0.0
133****7556,0.0
133****7575,0.0
133****7607,18.86006965304997
133****7611,0.0
133****7623,0.0
133****7625,0.0
133****7638,0.0
133****7682,0.0
133****7687,0.0
133****7700,4025.657064
133****7711,0.0
133****7725,0.0
133****7765,0.0
133****7773,0.0
133****7788,0.0
133****7798,28.247621609325037
133****7816,0.0
133****7817,0.0
133****7834,0.0
133****7837,0.0
133****7848,0.0
133****7871,0.0
133****7875,0.0
133****7876,0.0
133****7879,0.0
133****7903,0.0
133****7916,0.0
133****7918,0.0
133****8028,0.0
133****8078,0.0
133****8079,0.0
133****8080,0.0
133****8102,0.0
133****8104,0.0
133****8106,0.0
133****8117,0.0
133****8131,0.0
133****8181,0.0
133****8189,0.0
133****8191,0.0
133****8229,0.0
133****8234,0.0
133****8298,0.0
133****8306,3613.8562528887
133****8323,0.0
133****8336,0.0
133****8388,0.0
133****8399,0.0
133****8416,0.0
133****8455,0.0
133****8506,0.0
133****8523,0.0
133****8581,0.0
133****8599,0.0
133****8606,0.0
133****8633,0.0
133****8635,0.0
133****8687,0.0
133****8777,0.0
133****8792,0.0
133****8804,0.0
133****8809,0.0
133****8828,0.0
133****8850,0.0
133****8855,0.0
133****8856,0.0
133****8859,0.0
133****8865,0.0
133****8866,0.0
133****8873,0.0
133****8938,0.0
133****8963,0.0
133****8967,0.0
133****8972,0.0
133****8982,0.0
133****8985,0.0
133****8990,0.0
133****8991,0.0
133****8996,0.0
133****9065,0.0
133****9073,0.0
133****9085,0.0
133****9101,0.0
133****9112,0.0
133****9118,0.0
133****9138,321.41167421862025
133****9155,0.0
133****9159,0.0
133****9162,0.0
133****9166,0.0
133****9195,0.0
133****9239,0.0
133****9272,0.0
133****9278,0.0
133****9281,0.0
133****9286,0.0
133****9299,0.0
133****9310,0.0
133****9319,0.0
133****9333,0.0
133****9351,0.0
133****9356,0.0
133****9419,0.0
133****9484,0.0
133****9523,0.0
133****9587,0.0
133****9627,0.0
133****9630,0.0
133****9665,0.0
133****9676,0.0
133****9696,0.0
133****9712,0.0
133****9727,0.0
133****9747,0.0
133****9839,0.0
133****9866,0.0
133****9876,0.0
133****9882,0.0
133****9913,658.99940081526
133****9918,0.0
133****9927,0.0
133****9949,0.0
133****9958,0.0
133****9968,0.0
134****1719,0.0
134****2263,0.0
134****2624,0.0
134****3811,0.0
134****4840,0.0
134****6437,0.0
134****7211,0.0
134****8795,0.0
134****9398,0.0
135****0760,0.0
135****1022,0.0
135****1081,0.0
135****1774,0.0
135****1818,0.0
135****2030,0.0
135****2666,0.0
135****3113,0.0
135****3252,0.0
135****3560,0.0
135****3676,0.0
135****5090,0.0
135****6192,0.0
135****6341,0.0
135****7327,0.0
135****7446,0.0
135****9056,0.0
135****9535,0.0
136****0312,0.0
136****0677,0.0
136****0851,0.0
136****1729,0.0
136****1965,0.0
136****3051,0.0
136****3207,0.0
136****3226,0.0
136****3321,0.0
136****4080,0.0
136****5445,0.0
136****6617,0.0
136****6739,0.0
136****6879,0.0
136****6886,0.0
136****6936,0.0
136****7281,0.0
136****8014,0.0
136****8069,0.0
136****9015,0.0
137****0008,0.0
137****0203,0.0
137****0288,0.0
137****0312,0.0
137****0899,0.0
137****1725,0.0
137****2124,0.0
137****4684,0.0
137****4774,0.0
137****4960,0.0
137****5010,0.0
137****5229,0.0
137****7373,0.0
137****8078,0.0
137****8151,0.0
137****9880,57.13798935417997
138****0021,0.0
138****0415,0.0
138****0540,0.0
138****2008,0.0
138****2017,0.0
138****2518,0.0
138****2553,0.0
138****2899,0.0
138****3553,0.0
138****3581,0.0
138****3780,0.0
138****3980,0.0
138****4388,0.0
138****4440,0.0
138****4580,0.0
138****5260,0.0
138****5388,0.0
138****6098,0.0
138****6473,0.0
138****9008,0.0
138****9565,0.0
138****9928,0.0
139****0819,0.0
139****1014,0.0
139****1029,0.0
139****2005,0.0
139****2056,0.0
139****2135,0.0
139****2812,0.0
139****2913,0.0
139****2953,0.0
139****3068,0.0
139****3089,0.0
139****3270,0.0
139****4981,0.0
139****6636,0.0
139****6669,0.0
139****6753,0.0
139****7115,0.0
139****8096,0.0
139****8583,0.0
139****8939,0.0
139****9029,0.0
150****0848,4.316399999880092e-08
150****0934,0.0
150****2452,0.0
150****4830,0.0
150****5071,0.0
150****8972,0.0
151****0536,0.0
151****1172,0.0
151****2889,0.0
151****2912,0.0
151****4689,0.0
151****6493,0.0
151****7902,0.0
151****8200,0.0
151****8744,0.0
151****8895,0.0
151****8962,0.0
151****9540,0.0
152****0470,0.0
152****0766,0.0
152****3300,0.0
152****4000,0.0
152****4611,0.0
152****6588,0.0
152****7207,0.0
152****7997,0.0
152****8370,0.0
152****8435,0.0
152****9087,0.0
153****0041,0.0
153****0043,0.0
153****0068,0.0
153****0077,0.0
153****0095,0.0
153****0096,0.0
153****0102,0.0
153****0105,0.0
153****0117,0.0
153****0135,0.0
153****0153,0.0
153****0189,0.0
153****0198,0.0
153****0226,0.0
153****0270,0.0
153****0288,0.0
153****0300,0.0
153****0304,0.0
153****0312,0.0
153****0314,0.0
153****0323,0.0
153****0368,0.0
153****0430,0.0
153****0495,0.0
153****0501,0.0
153****0516,0.0
153****0525,0.0
153****0527,0.0
153****0558,0.0
153****0599,0.0
153****0625,1.694433676319983
153****0628,0.0
153****0636,0.0
153****0673,0.0
153****0697,0.0
153****0707,0.0
153****0727,0.0
153****0734,0.0
153****0736,0.0
153****0793,0.0
153****0806,0.0
153****0858,0.0
153****0860,0.0
153****0870,0.0
153****0902,0.0
153****0918,0.0
153****0920,0.0
153****0950,0.0
153****0951,0.0
153****0955,0.0
153****1007,0.0
153****1039,0.0
153****1057,0.0
153****1070,0.0
153****1087,0.0
153****1101,0.0
153****1103,0.0
153****1110,0.0
153****1113,0.0
153****1152,0.0
153****1153,0.0
153****1159,0.0
153****1180,0.0
153****1211,0.0
153****1244,0.0
153****1245,0.0
153****1316,0.0
153****1325,0.0
153****1345,0.0
153****1371,0.0
153****1413,0.0
153****1443,0.0
153****1457,0.0
153****1482,0.0
153****1502,0.0
153****1518,0.0
153****1553,0.0
153****1556,0.0
153****1578,0.0
153****1589,0.0
153****1605,0.0
153****1616,0.0
153****1629,0.0
153****1688,0.0
153****1702,0.0
153****1725,0.0
153****1744,0.0
153****1754,0.0
153****1770,0.0
153****1782,0.0
153****1789,0.0
153****1799,0.0
153****1810,0.0
153****1895,0.0
153****1958,0.0
153****1968,0.0
153****1988,0.0
153****1990,0.0
153****2006,0.0
153****2017,0.0
153****2073,0.0
153****2076,0.0
153****2100,0.0
153****2111,0.0
153****2166,0.0
153****2231,0.0
153****2266,0.0
153****2272,0.0
153****2296,0.0
153****2297,0.0
153****2306,0.0
153****2321,0.0
153****2345,0.0
153****2380,0.0
153****2440,0.0
153****2480,0.0
153****2712,0.0
153****2858,0.0
153****2872,0.0
153****2877,0.0
153****2882,0.0
153****2908,0.0
153****2932,0.0
153****2933,0.0
153****2966,0.0
153****2980,0.0
153****3018,0.0
153****3050,0.0
153****3080,0.0
153****3150,0.0
153****3167,0.0
153****3211,0.0
153****3228,0.0
153****3316,0.0
153****3330,0.0
153****3339,0.0
153****3434,0.0
153****3440,0.0
153****3456,0.0
153****3527,0.0
153****3582,0.0
153****3607,0.0
153****3637,0.0
153****3651,0.0
153****3664,0.0
153****3680,0.0
153****3686,0.0
153****3695,0.0
153****3696,0.0
153****3739,9.154636754480004
153****3812,0.0
153****3836,0.0
153****3854,0.0
153****3855,0.0
153****3957,0.0
153****3981,0.0
153****3988,0.0
153****3991,0.0
153****4005,0.0
153****4052,0.0
153****4099,0.0
153****4123,0.0
153****4158,0.0
153****4287,0.0
153****4356,0.0
153****4398,0.0
153****4408,0.0
153****4414,0.0
153****4518,3072.93511001204
153****4559,0.0
153****4691,0.0
153****4728,0.0
153****4773,0.0
153****4796,0.0
153****4799,0.0
153****4823,0.0
153****4851,0.0
153****4901,0.0
153****4949,0.0
153****4956,0.0
153****4981,0.0
153****5010,0.0
153****5031,0.0
153****5032,0.0
153****5035,0.0
153****5133,0.0
153****5166,0.0
153****5167,0.0
153****5186,0.0
153****5202,0.0
153****5208,0.0
153****5216,0.0
153****5263,0.0
153****5303,0.0
153****5319,0.0
153****5364,0.0
153****5431,0.0
153****5511,0.0
153****5528,0.0
153****5566,0.0
153****5576,0.0
153****5586,0.0
153****5648,0.0
153****5650,0.0
153****5668,0.0
153****5735,0.0
153****5757,3381.28171918644
153****5767,0.0
153****5867,0.0
153****5888,0.0
153****5896,0.0
153****5900,0.0
153****5959,0.0
153****5966,0.0
153****5968,0.0
153****5977,0.0
153****5986,0.0
153****5988,0.0
153****6010,4093.3035941098497
153****6023,0.0
153****6026,0.0
153****6060,0.0
153****6063,0.0
153****6098,0.0
153****6113,0.0
153****6117,0.0
153****6168,0.0
153****6184,0.0
153****6189,0.0
153****6191,0.0
153****6200,0.0
153****6228,0.0
153****6240,0.0
153****6284,0.0
153****6306,0.0
153****6326,0.0
153****6329,0.0
153****6331,0.0
153****6342,0.0
153****6356,0.0
153****6375,0.0
153****6385,0.0
153****6405,0.0
153****6483,0.0
153****6509,0.0
153****6512,0.0
153****6517,0.0
153****6558,0.0
153****6567,0.0
153****6598,0.0
153****6603,0.0
153****6605,0.0
153****6610,0.0
153****6613,0.0
153****6652,0.0
153****6685,0.0
153****6687,0.0
153****6689,0.0
153****6811,0.0
153****6874,0.0
153****6896,0.0
153****6925,0.0
153****6940,0.0
153****6967,0.0
153****7001,0.0
153****7018,0.0
153****7083,0.0
153****7085,0.0
153****7092,0.0
153****7112,0.0
153****7119,0.0
153****7123,0.0
153****7136,0.0
153****7156,0.0
153****7169,0.0
153****7178,0.0
153****7192,0.0
153****7220,0.0
153****7227,0.0
153****7256,0.0
153****7267,0.0
153****7271,0.0
153****7286,0.0
153****7298,0.0
153****7390,0.0
153****7452,0.0
153****7466,0.0
153****7513,0.0
153****7528,0.0
153****7555,0.0
153****7556,0.0
153****7603,0.0
153****7625,0.0
153****7659,0.0
153****7660,0.0
153****7695,0.0
153****7730,0.0
153****7766,0.0
153****7789,0.0
153****7793,0.0
153****7803,0.0
153****7828,0.0
153****7838,0.0
153****7889,0.0
153****7910,0.0
153****7916,0.0
153****7922,0.0
153****7926,0.0
153****7927,0.0
153****7928,0.0
153****7955,0.0
153****8006,0.0
153****8008,0.0
153****8045,0.0
153****8081,0.0
153****8093,0.0
153****8120,0.0
153****8123,0.0
153****8128,0.0
153****8137,0.0
153****8149,0.0
153****8171,0.0
153****8177,0.0
153****8181,0.0
153****8216,0.0
153****8217,0.0
153****8232,0.0
153****8253,0.0
153****8269,0.0
153****8368,0.0
153****8455,0.0
153****8500,0.0
153****8505,0.0
153****8566,0.0
153****8587,0.0
153****8660,0.0
153****8721,0.0
153****8789,0.0
153****8818,0.0
153****8830,0.0
153****8847,0.0
153****8898,0.0
153****8920,0.0
153****8927,0.0
153****8928,0.0
153****8950,0.0
153****8959,0.0
153****8983,0.0
153****8986,0.0
153****8988,0.0
153****8997,0.0
153****9005,0.0
153****9020,0.0
153****9082,0.0
153****9088,111.81521763945007
153****9100,0.0
153****9129,0.0
153****9130,0.0
153****9131,0.0
153****9197,0.0
153****9274,0.0
153****9294,0.0
153****9340,0.0
153****9358,0.0
153****9365,0.0
153****9385,0.0
153****9393,0.0
153****9421,0.0
153****9431,0.0
153****9539,0.0
153****9551,0.0
153****9555,0.0
153****9556,0.0
153****9591,0.0
153****9606,0.0
153****9609,0.0
153****9615,0.0
153****9662,0.0
153****9669,0.0
153****9688,0.0
153****9689,0.0
153****9699,0.0
153****9700,0.0
153****9767,0.0
153****9791,0.0
153****9801,0.0
153****9803,0.0
153****9823,0.0
153****9861,0.0
153****9862,0.0
153****9905,0.0
153****9924,0.0
153****9929,0.0
153****9949,0.0
153****9986,0.0
153****9998,0.0
155****1666,0.0
155****2901,0.0
155****4156,0.0
155****4442,0.0
155****7586,0.0
155****7772,0.0
155****7933,0.0
155****8583,0.0
156****4999,0.0
156****5505,0.0
156****6545,0.0
156****7665,0.0
156****8361,0.0
157****2230,0.0
157****2968,0.0
157****3536,0.0
157****4996,0.0
157****7732,0.0
158****1315,0.0
158****1682,0.0
158****1837,0.0
158****2190,0.0
158****2591,0.0
158****3601,0.0
158****5112,0.0
158****5553,0.0
158****6109,0.0
158****7273,0.0
158****7515,0.0
158****7686,0.0
158****8598,0.0
158****8836,0.0
158****9102,0.0
159****0213,0.0
159****2752,0.0
159****3397,0.0
159****3525,0.0
159****4543,0.0
159****5380,0.0
159****6416,0.0
159****8101,0.0
159****8126,0.0
159****8226,0.0
166****1521,0.0
166****9167,0.0
170****0488,0.0
170****5387,0.0
171****1764,0.0
173****0257,0.0
173****0283,0.0
173****0284,0.0
173****0298,0.0
173****0385,0.0
173****0416,0.0
173****0428,0.0
173****0508,0.0
173****0509,0.0
173****0596,0.0
173****0619,0.0
173****0628,0.0
173****0709,0.0
173****0722,0.0
173****0861,0.0
173****0867,0.0
173****0876,0.0
173****0926,0.0
173****0985,0.0
173****0989,0.0
173****1116,0.0
173****1155,19.081325047649937
173****1173,0.0
173****1212,0.0
173****1237,0.0
173****1383,0.0
173****1502,0.0
173****1570,0.0
173****1621,0.0
173****1640,0.0
173****1719,0.0
173****1733,0.0
173****1747,0.0
173****1763,0.0
173****1803,0.0
173****1820,0.0
173****1849,0.0
173****1887,0.0
173****1902,0.0
173****1928,0.0
173****1984,0.0
173****2070,0.0
173****2088,0.0
173****2236,0.0
173****2237,0.0
173****2301,0.0
173****2305,0.0
173****2325,0.0
173****2382,0.0
173****2393,0.0
173****2426,0.0
173****2434,0.0
173****2475,0.0
173****2580,0.0
173****2666,0.0
173****2667,0.0
173****2703,0.0
173****2713,0.0
173****2788,0.0
173****2865,0.0
173****2883,0.0
173****2923,4.639275753796014
173****2948,0.0
173****2968,0.0
173****2972,0.0
173****3040,0.0
173****3080,0.0
173****3136,0.0
173****3149,0.0
173****3173,0.0
173****3190,0.0
173****3233,0.0
173****3388,0.0
173****3397,0.0
173****3447,0.0
173****3489,0.0
173****3552,0.0
173****3621,0.0
173****3705,0.0
173****3739,0.0
173****3820,0.0
173****3850,0.0
173****3857,0.0
173****3911,0.0
173****3930,0.0
173****3961,0.0
173****3963,0.0
173****3997,0.0
173****4107,0.0
173****4138,0.0
173****4215,0.0
173****4308,0.0
173****4433,0.0
173****4448,0.0
173****4482,0.0
173****4518,0.0
173****4588,0.0
173****4650,0.0
173****4675,0.0
173****4729,0.0
173****4755,0.0
173****5003,0.0
173****5060,0.0
173****5069,0.0
173****5089,0.0
173****5108,0.0
173****5208,0.0
173****5309,0.0
173****5428,0.0
173****5481,0.0
173****5513,0.0
173****5519,0.0
173****5541,0.0
173****5554,0.0
173****5561,0.0
173****5602,0.0
173****5621,0.0
173****5645,0.0
173****5677,0.0
173****5695,0.0
173****5699,0.0
173****5828,0.0
173****5830,0.0
173****5839,0.0
173****5868,0.0
173****5948,0.0
173****6030,0.0
173****6032,0.0
173****6053,0.0
173****6102,0.0
173****6106,0.0
173****6192,0.0
173****6254,0.0
173****6263,0.0
173****6286,0.0
173****6311,0.0
173****6350,0.0
173****6355,0.0
173****6393,0.0
173****6468,0.0
173****6566,0.0
173****6583,0.0
173****6655,0.0
173****6729,0.0
173****6749,0.0
173****6797,0.0
173****6839,0.0
173****6871,0.0
173****6910,0.0
173****6919,0.0
173****7023,0.0
173****7089,0.0
173****7194,0.0
173****7199,0.0
173****7207,0.0
173****7218,0.0
173****7231,0.0
173****7560,0.0
173****7609,0.0
173****7662,0.0
173****7663,0.0
173****7686,0.0
173****7793,0.0
173****7853,0.0
173****7880,0.0
173****8009,0.0
173****8077,0.0
173****8090,0.0
173****8107,0.0
173****8172,0.0
173****8399,0.0
173****8405,0.0
173****8488,0.0
173****8568,0.0
173****8593,0.0
173****8603,0.0
173****8638,0.0
173****8653,0.0
173****8658,0.0
173****8695,0.0
173****8707,0.0
173****8755,0.0
173****8848,0.0
173****8861,0.0
173****8896,0.0
173****8975,0.0
173****9063,0.0
173****9120,0.0
173****9128,0.0
173****9240,0.0
173****9392,0.0
173****9393,0.0
173****9394,0.0
173****9445,0.0
173****9512,0.0
173****9592,0.0
173****9737,0.0
173****9747,0.0
173****9769,0.0
173****9825,0.0
173****9827,0.0
173****9907,0.0
173****9994,0.0
175****2376,0.0
175****9712,0.0
176****5097,0.0
176****7251,0.0
177****0009,0.0
177****0010,0.0
177****0036,0.0
177****0052,0.0
177****0054,0.0
177****0160,0.0
177****0170,0.0
177****0180,0.0
177****0217,0.0
177****0221,0.0
177****0236,0.0
177****0581,0.0
177****0667,0.0
177****0680,0.0
177****0701,0.0
177****0703,0.0
177****0708,0.0
177****0748,0.0
177****0751,0.0
177****0801,0.0
177****0821,0.0
177****0825,0.0
177****0876,0.0
177****0899,0.0
177****0909,0.0
177****0927,0.0
177****0934,0.0
177****0979,0.0
177****0998,0.0
177****1017,0.0
177****1049,0.0
177****1055,0.0
177****1077,0.0
177****1168,0.0
177****1183,0.0
177****1186,0.0
177****1205,0.0
177****1222,0.0
177****1279,0.0
177****1283,0.0
177****1290,0.0
177****1330,0.0
177****1350,0.0
177****1435,0.0
177****1521,0.0
177****1553,20.62371092849999
177****1581,0.0
177****1605,0.0
177****1628,0.0
177****1672,0.0
177****1674,0.0
177****1717,0.0
177****1860,0.0
177****1897,0.0
177****1939,0.0
177****1975,0.0
177****2017,0.0
177****2027,0.0
177****2029,0.0
177****2044,0.0
177****2055,0.0
177****2082,0.0
177****2086,0.0
177****2121,0.0
177****2203,0.0
177****2307,0.0
177****2337,0.0
177****2341,0.0
177****2380,0.0
177****2381,0.0
177****2402,0.0
177****2479,0.0
177****2480,0.0
177****2572,0.0
177****2580,0.0
177****2657,0.0
177****2660,0.0
177****2708,0.0
177****2765,0.0
177****2816,0.0
177****2913,0.0
177****2955,0.0
177****2999,0.0
177****3013,0.0
177****3015,0.0
177****3046,0.0
177****3130,0.0
177****3139,0.0
177****3221,0.0
177****3238,0.0
177****3256,0.0
177****3292,0.0
177****3298,0.0
177****3309,0.0
177****3370,0.0
177****3386,0.0
177****3446,0.0
177****3488,0.0
177****3557,0.0
177****3637,0.0
177****3683,0.0
177****3685,0.0
177****3717,0.0
177****3722,0.0
177****3731,0.0
177****3737,0.0
177****3759,0.0
177****3811,0.0
177****3864,0.0
177****3873,0.0
177****3888,0.0
177****3949,0.0
177****3959,0.0
177****4163,0.0
177****4171,0.0
177****4211,0.0
177****4225,0.0
177****4245,0.0
177****4357,0.0
177****4418,0.0
177****4430,0.0
177****4511,0.0
177****4521,0.0
177****4566,0.0
177****4632,0.0
177****4636,0.0
177****4660,0.0
177****4689,0.0
177****4711,0.0
177****4757,0.0
177****4868,0.0
177****4871,0.0
177****4938,0.0
177****4980,0.0
177****4990,0.0
177****5007,0.0
177****5031,0.0
177****5072,0.0
177****5080,8196.7408389664
177****5120,0.0
177****5188,0.0
177****5241,0.0
177****5275,0.0
177****5300,0.0
177****5327,0.0
177****5383,0.0
177****5472,0.0
177****5515,0.0
177****5558,0.0
177****5559,0.0
177****5563,0.0
177****5565,0.0
177****5599,0.0
177****5677,0.0
177****5689,0.0
177****5692,0.0
177****5711,0.0
177****5720,0.0
177****5724,0.0
177****5732,0.0
177****5769,0.0
177****5812,0.0
177****5848,0.0
177****5923,0.0
177****5938,0.0
177****6000,0.0
177****6034,0.0
177****6087,0.0
177****6122,0.0
177****6168,0.0
177****6200,0.0
177****6234,0.0
177****6263,0.0
177****6281,0.0
177****6287,0.0
177****6363,0.0
177****6368,0.0
177****6513,0.0
177****6527,18.15436897647999
177****6557,0.0
177****6626,0.0
177****6644,0.0
177****6645,0.0
177****6657,0.0
177****6672,0.0
177****6695,0.0
177****6698,0.0
177****6785,0.0
177****6787,0.0
177****6826,0.0
177****6830,0.0
177****6841,0.0
177****6887,0.0
177****6960,0.0
177****6977,0.0
177****6991,0.0
177****6995,0.0
177****7039,0.0
177****7044,0.0
177****7068,0.0
177****7145,0.0
177****7162,0.0
177****7507,0.0
177****7567,0.0
177****7603,0.0
177****7637,0.0
177****7662,0.0
177****7789,0.0
177****7862,0.0
177****7897,0.0
177****7922,0.0
177****7966,0.0
177****8015,0.0
177****8036,0.0
177****8055,0.0
177****8061,0.0
177****8082,0.0
177****8099,0.0
177****8161,0.0
177****8170,0.0
177****8180,0.0
177****8182,0.0
177****8228,0.0
177****8233,0.0
177****8292,0.0
177****8315,0.0
177****8332,0.0
177****8386,0.0
177****8391,0.0
177****8428,0.0
177****8488,0.0
177****8505,0.0
177****8566,0.0
177****8612,0.0
177****8656,0.0
177****8683,0.0
177****8688,0.0
177****8722,23.269244205600057
177****8785,0.0
177****8884,31.5329024394
177****8888,0.0
177****8909,0.0
177****8962,0.0
177****8990,0.0
177****8999,0.0
177****9069,0.0
177****9077,0.0
177****9080,0.0
177****9111,0.0
177****9113,0.0
177****9153,0.0
177****9301,0.0
177****9302,0.0
177****9305,0.0
177****9363,0.0
177****9406,0.0
177****9448,0.0
177****9456,0.0
177****9461,0.0
177****9518,0.0
177****9526,0.0
177****9572,0.0
177****9610,0.0
177****9688,0.0
177****9762,0.0
177****9820,0.0
177****9844,0.0
177****9853,0.0
177****9878,0.0
177****9879,0.0
177****9925,0.0
177****9985,0.0
177****9990,0.0
177****9996,0.0
178****0578,0.0
178****1180,0.0
180****0004,0.0
180****0007,0.0
180****0008,0.0
180****0011,0.0
180****0044,0.0
180****0077,0.0
180****0100,0.0
180****0109,0.0
180****0118,0.0
180****0192,0.0
180****0199,0.0
180****0202,0.0
180****0203,0.0
180****0209,0.0
180****0250,0.0
180****0258,0.0
180****0299,0.0
180****0343,0.0
180****0369,0.0
180****0388,0.0
180****0397,0.0
180****0399,0.0
180****0402,0.0
180****0447,0.0
180****0449,0.0
180****0470,0.0
180****0473,0.0
180****0512,0.0
180****0523,0.0
180****0593,0.0
180****0621,0.0
180****0623,0.0
180****0638,0.0
180****0657,0.0
180****0664,0.0
180****0669,0.0
180****0704,0.0
180****0712,0.0
180****0756,0.0
180****0788,0.0
180****0809,0.0
180****0813,4267.6462141896
180****0819,0.0
180****0852,0.0
180****0863,0.0
180****0909,0.0
180****0911,0.0
180****0991,0.0
180****0993,0.0
180****1000,0.0
180****1016,0.0
180****1038,0.0
180****1058,0.0
180****1063,0.0
180****1065,0.0
180****1113,0.0
180****1115,0.0
180****1150,0.0
180****1166,0.0
180****1184,0.0
180****1190,0.0
180****1198,0.0
180****1208,0.0
180****1211,0.0
180****1212,7504.0552185139195
180****1272,0.0
180****1322,0.0
180****1337,0.0
180****1352,0.0
180****1377,0.0
180****1392,0.0
180****1531,0.0
180****1538,0.0
180****1573,0.0
180****1580,0.0
180****1597,0.0
180****1609,0.0
180****1619,0.0
180****1662,0.0
180****1669,0.0
180****1683,0.0
180****1688,0.0
180****1690,0.0
180****1713,0.0
180****1720,0.0
180****1725,0.0
180****1730,0.0
180****1771,0.0
180****1798,0.0
180****1801,0.0
180****1806,0.0
180****1818,0.0
180****1890,0.0
180****1897,0.0
180****1945,0.0
180****1966,0.0
180****1973,0.0
180****1979,0.0
180****1988,0.0
180****2003,0.0
180****2015,0.0
180****2025,0.0
180****2037,0.0
180****2054,0.0
180****2055,0.0
180****2090,0.0
180****2201,0.0
180****2260,0.0
180****2266,0.0
180****2302,0.0
180****2327,0.0
180****2353,0.0
180****2370,0.0
180****2429,0.0
180****2476,0.0
180****2500,0.0
180****2568,0.0
180****2569,0.0
180****2588,0.0
180****2635,0.0
180****2638,0.0
180****2687,0.0
180****2690,0.0
180****2714,0.0
180****2735,0.0
180****2758,0.0
180****2762,0.0
180****2815,0.0
180****2818,0.0
180****2833,0.0
180****2843,0.0
180****2851,0.0
180****2891,0.0
180****2892,0.0
180****2901,0.0
180****2915,0.0
180****2923,0.0
180****2950,0.0
180****2981,0.0
180****2982,0.0
180****2995,0.0
180****3000,0.0
180****3010,0.0
180****3031,0.0
180****3039,0.0
180****3048,0.0
180****3060,0.0
180****3099,0.0
180****3127,0.0
180****3151,0.0
180****3207,0.0
180****3226,0.0
180****3237,0.0
180****3265,2.999999999417582e-10
180****3276,0.0
180****3280,0.0
180****3316,5935.423338941041
180****3331,0.0
180****3332,0.0
180****3334,0.0
180****3370,0.0
180****3394,0.0
180****3417,0.0
180****3434,0.0
180****3466,0.0
180****3527,0.0
180****3536,0.0
180****3573,0.0
180****3577,0.0
180****3581,0.0
180****3605,0.0
180****3626,0.0
180****3652,0.0
180****3660,0.0
180****3686,0.0
180****3773,0.0
180****3786,88.827645214296
180****3823,0.0
180****3824,0.0
180****3852,0.0
180****3868,0.0
180****3876,0.0
180****3892,0.0
180****3915,0.0
180****3937,0.0
180****3959,0.0
180****3968,0.0
180****3991,0.0
180****3999,0.0
180****4006,0.0
180****4059,0.0
180****4068,0.0
180****4088,0.0
180****4115,0.0
180****4147,0.0
180****4151,0.0
180****4156,0.0
180****4253,0.0
180****4290,0.0
180****4323,0.0
180****4326,0.0
180****4344,0.0
180****4385,0.0
180****4419,0.0
180****4466,0.0
180****4476,0.0
180****4499,0.0
180****4577,0.0
180****4613,0.0
180****4633,0.0
180****4740,0.0
180****4817,0.0
180****4860,0.0
180****4880,0.0
180****4905,0.0
180****4912,0.0
180****4943,0.0
180****4973,0.0
180****4988,0.0
180****5023,0.0
180****5066,0.0
180****5074,0.0
180****5088,0.0
180****5091,1.5782637992400035
180****5106,0.0
180****5108,0.0
180****5181,0.0
180****5205,0.0
180****5268,0.0
180****5292,0.0
180****5297,0.0
180****5370,0.0
180****5385,0.0
180****5448,0.0
180****5470,0.0
180****5506,0.0
180****5550,0.0
180****5551,0.0
180****5579,0.0
180****5593,0.0
180****5603,0.0
180****5613,0.0
180****5667,0.0
180****5689,0.0
180****5697,0.0
180****5749,0.0
180****5798,0.0
180****5829,0.0
180****5841,0.0
180****5901,0.0
180****5972,0.0
180****5998,0.0
180****6038,0.0
180****6045,0.0
180****6063,0.0
180****6087,0.0
180****6137,0.0
180****6147,0.0
180****6156,0.0
180****6172,0.0
180****6186,0.0
180****6192,0.0
180****6199,0.0
180****6205,0.0
180****6235,0.0
180****6243,0.0
180****6303,0.0
180****6312,0.0
180****6362,0.0
180****6368,0.0
180****6404,0.0
180****6440,0.0
180****6444,0.0
180****6453,0.0
180****6474,0.0
180****6508,2788.3646045854503
180****6520,0.0
180****6563,0.0
180****6566,0.0
180****6591,0.0
180****6653,0.0
180****6667,0.0
180****6669,4939.41535215484
180****6705,0.0
180****6715,0.0
180****6733,0.0
180****6786,0.0
180****6832,0.0
180****6878,0.0
180****6889,0.0
180****6898,0.0
180****6922,0.0
180****6928,0.0
180****6932,0.0
180****6936,0.0
180****6958,0.0
180****6963,0.0
180****7065,0.0
180****7105,0.0
180****7131,0.0
180****7136,0.0
180****7158,0.0
180****7185,0.0
180****7188,0.0
180****7213,0.0
180****7235,0.0
180****7269,0.0
180****7322,0.0
180****7325,0.0
180****7383,0.0
180****7423,0.0
180****7506,0.0
180****7512,0.0
180****7559,0.0
180****7571,0.0
180****7639,0.0
180****7657,0.0
180****7712,0.0
180****7756,0.0
180****7796,0.0
180****7799,0.0
180****7800,0.0
180****7806,0.0
180****7857,0.0
180****7865,0.0
180****7867,0.0
180****7955,0.0
180****7986,0.0
180****8011,0.0
180****8054,0.0
180****8060,0.0
180****8080,0.0
180****8081,0.0
180****8088,0.0
180****8128,0.0
180****8135,0.0
180****8142,0.0
180****8149,0.0
180****8172,0.0
180****8181,0.0
180****8246,0.0
180****8247,0.0
180****8282,0.0
180****8303,0.0
180****8359,0.0
180****8386,0.0
180****8408,0.0
180****8500,0.0
180****8557,0.0
180****8567,0.0
180****8586,0.0
180****8588,0.0
180****8589,0.0
180****8599,0.0
180****8611,0.0
180****8621,3821.3682754571996
180****8627,0.0
180****8687,0.0
180****8704,0.0
180****8710,0.0
180****8734,0.0
180****8750,0.0
180****8767,0.0
180****8806,0.0
180****8838,0.0
180****8840,0.0
180****8849,0.0
180****8857,0.0
180****8858,6011.67850228967
180****8883,0.0
180****8888,0.0
180****8898,70.59993202120005
180****8905,0.0
180****8921,0.0
180****8966,0.0
180****8969,0.0
180****9053,0.0
180****9069,0.0
180****9081,0.0
180****9162,0.0
180****9217,0.0
180****9219,0.0
180****9236,0.0
180****9237,0.0
180****9238,0.0
180****9276,0.0
180****9319,0.0
180****9342,0.0
180****9415,0.0
180****9487,0.0
180****9535,0.0
180****9553,0.0
180****9559,0.0
180****9572,0.0
180****9601,0.0
180****9658,0.0
180****9685,0.0
180****9689,0.0
180****9695,0.0
180****9722,0.0
180****9730,0.0
180****9771,0.0
180****9782,0.0
180****9816,0.0
180****9819,0.0
180****9861,0.0
180****9868,0.0
180****9872,0.0
180****9878,0.0
180****9886,0.0
180****9912,0.0
180****9929,0.0
180****9930,0.0
180****9972,0.0
180****9990,0.0
181****0007,0.0
181****0013,0.0
181****0110,0.0
181****0122,0.0
181****0152,0.0
181****0179,0.0
181****0184,0.0
181****0217,0.0
181****0251,0.0
181****0299,0.0
181****0383,0.0
181****0385,0.0
181****0390,0.0
181****0423,0.0
181****0471,0.0
181****0515,30.849936588899922
181****0523,0.0
181****0627,0.0
181****0637,0.0
181****0638,0.0
181****0662,0.0
181****0695,0.0
181****0699,0.0
181****0705,0.0
181****0707,0.0
181****0712,0.0
181****0726,0.0
181****0761,0.0
181****0798,0.0
181****0803,0.0
181****0810,0.0
181****0828,0.0
181****0904,0.0
181****0909,4142.979816272896
181****0910,0.0
181****0915,0.0
181****0916,0.0
181****0967,0.0
181****0975,0.0
181****0977,0.0
181****0987,0.0
181****1010,0.0
181****1062,0.0
181****1106,0.0
181****1141,0.0
181****1171,0.0
181****1188,0.0
181****1259,0.0
181****1297,0.0
181****1338,0.0
181****1361,0.0
181****1371,0.0
181****1376,0.0
181****1440,0.0
181****1458,0.0
181****1486,0.0
181****1498,0.0
181****1509,0.0
181****1513,0.0
181****1516,0.0
181****1533,0.0
181****1549,0.0
181****1554,0.0
181****1568,2.391200000068989e-07
181****1589,0.0
181****1632,0.0
181****1670,0.0
181****1778,0.0
181****1799,0.0
181****1805,0.0
181****1816,0.0
181****1867,0.0
181****1869,0.41245518820997723
181****1897,0.0
181****1900,0.0
181****1921,0.0
181****1954,0.0
181****1956,0.0
181****2018,0.0
181****2060,0.0
181****2064,0.0
181****2076,0.0
181****2099,0.0
181****2141,0.0
181****2155,55.614231764912084
181****2202,0.0
181****2221,0.0
181****2264,0.0
181****2265,0.0
181****2269,0.0
181****2280,0.0
181****2302,0.0
181****2317,0.0
181****2353,0.0
181****2363,0.0
181****2366,0.0
181****2373,0.0
181****2398,0.0
181****2430,0.0
181****2584,0.0
181****2591,0.0
181****2635,0.0
181****2652,0.0
181****2672,0.0
181****2724,0.0
181****2739,0.0
181****2750,0.0
181****2762,0.0
181****2795,0.0
181****2832,0.0
181****2836,0.0
181****2893,0.0
181****2926,0.0
181****2982,0.0
181****2987,0.0
181****2991,0.0
181****3010,0.0
181****3022,0.0
181****3029,0.0
181****3049,0.0
181****3092,0.0
181****3125,0.0
181****3181,0.0
181****3257,0.0
181****3259,0.0
181****3292,0.0
181****3301,0.0
181****3331,0.0
181****3344,0.0
181****3368,0.0
181****3388,0.0
181****3444,0.0
181****3527,0.0
181****3615,0.0
181****3689,0.0
181****3695,0.0
181****3749,0.0
181****3779,0.0
181****3818,0.0
181****3841,0.0
181****3936,0.0
181****3996,0.0
181****4013,0.0
181****4065,0.0
181****4201,0.0
181****4227,0.0
181****4236,0.4443256918599987
181****4254,0.0
181****4343,0.0
181****4415,0.0
181****4416,0.0
181****4442,0.0
181****4445,0.0
181****4466,0.0
181****4473,0.0
181****4503,0.0
181****4591,0.0
181****4680,0.0
181****4681,0.0
181****4686,0.0
181****4689,0.0
181****4698,0.0
181****4860,0.0
181****4883,0.0
181****4913,0.0
181****4994,0.0
181****5005,0.0
181****5007,0.0
181****5017,0.0
181****5038,0.0
181****5050,0.0
181****5056,0.0
181****5120,0.0
181****5132,0.0
181****5218,0.0
181****5236,0.0
181****5240,0.0
181****5269,0.0
181****5430,0.0
181****5477,0.0
181****5552,0.0
181****5571,0.0
181****5630,0.0
181****5685,0.0
181****5688,0.0
181****5737,0.0
181****5818,0.0
181****5831,0.0
181****5859,0.0
181****5870,0.0
181****6006,0.0
181****6053,0.0
181****6072,0.0
181****6080,0.0
181****6099,3323.97068620428
181****6100,3028.83151668472
181****6170,0.0
181****6202,0.0
181****6204,0.0
181****6262,0.0
181****6269,0.0
181****6340,0.0
181****6441,0.0
181****6502,0.0
181****6531,0.0
181****6543,0.0
181****6566,0.0
181****6571,0.0
181****6578,0.0
181****6585,0.0
181****6605,0.0
181****6650,0.0
181****6659,0.0
181****6679,0.0
181****6685,0.0
181****6793,0.0
181****6822,0.0
181****6856,0.0
181****6862,0.0
181****6869,0.0
181****6873,0.0
181****6875,0.0
181****6888,0.0
181****6889,0.0
181****6937,0.0
181****6956,0.0
181****7061,0.0
181****7109,8078.22030071677
181****7178,0.0
181****7213,0.0
181****7235,0.0
181****7272,0.0
181****7308,0.0
181****7322,0.0
181****7327,0.0
181****7377,0.0
181****7400,0.0
181****7520,0.0
181****7523,0.0
181****7528,0.0
181****7577,0.0
181****7607,0.0
181****7618,0.0
181****7655,0.0
181****7662,0.0
181****7697,0.0
181****7758,0.0
181****7773,0.0
181****7792,0.0
181****7799,0.0
181****7869,0.0
181****7889,0.0
181****7899,0.0
181****7952,0.0
181****7956,0.0
181****8115,0.0
181****8177,0.0
181****8207,0.0
181****8218,0.0
181****8227,0.0
181****8282,0.0
181****8288,0.0
181****8333,0.0
181****8426,0.0
181****8442,0.0
181****8483,0.0
181****8532,0.0
181****8555,0.0
181****8599,0.0
181****8605,0.0
181****8628,0.0
181****8648,0.0
181****8665,0.0
181****8678,0.0
181****8689,0.0
181****8702,0.0
181****8753,0.0
181****8800,0.0
181****8802,0.0
181****8813,0.0
181****8814,0.0
181****8817,0.0
181****8827,0.0
181****8882,0.0
181****8887,0.0
181****8903,0.0
181****8909,3720.6842872988796
181****8949,0.0
181****8966,0.0
181****8991,0.0
181****8999,0.0
181****9005,0.0
181****9045,0.0
181****9088,0.0
181****9092,0.0
181****9139,0.0
181****9156,0.0
181****9213,0.0
181****9222,0.0
181****9258,0.0
181****9370,7442.156684021925
181****9379,0.0
181****9501,0.0
181****9515,0.0
181****9531,0.0
181****9583,0.0
181****9613,0.0
181****9688,0.0
181****9727,0.0
181****9767,0.0
181****9798,0.0
181****9830,0.0
181****9899,0.0
181****9916,0.0
181****9926,0.0
181****9969,0.0
181****9990,0.0
182****2715,0.0
182****3069,0.0
182****3073,0.0
182****3303,0.0
182****3642,0.0
182****4080,0.0
182****5144,0.0
182****5187,0.0
182****6008,0.0
182****6243,0.0
182****6448,0.0
182****6963,0.0
182****7997,0.0
182****8092,0.0
182****8109,0.0
182****8224,0.0
182****8235,0.0
182****9078,0.0
183****0768,0.0
183****1145,0.0
183****1328,0.0
183****1744,0.0
183****2375,0.0
183****3230,0.0
183****3619,0.0
183****4177,0.0
183****4348,0.0
183****4531,0.0
183****6466,0.0
183****7616,0.0
183****7761,0.0
183****8175,0.0
183****8230,0.0
183****8889,0.0
183****9292,0.0
183****9996,0.0
184****8047,0.0
185****0168,0.0
185****4165,0.0
185****5685,0.0
185****5878,0.0
185****6267,0.0
185****7169,0.0
186****1370,0.0
186****1865,0.0
186****3159,0.0
186****3182,0.0
186****3629,0.0
186****5658,0.0
186****5795,0.0
186****6088,0.0
186****8007,0.0
186****8668,0.0
186****8822,0.0
186****8835,0.0
187****0301,0.0
187****0373,0.0
187****1234,0.0
187****3635,0.0
187****3796,0.0
187****4208,0.0
187****5683,0.0
187****6983,0.0
187****7628,0.0
187****9141,0.0
188****3257,0.0
188****5086,0.0
188****5476,0.0
188****7026,0.0
188****7606,0.0
188****9523,0.0
189****0007,0.0
189****0009,0.0
189****0029,0.0
189****0039,0.0
189****0044,0.0
189****0047,0.0
189****0067,0.0
189****0073,0.0
189****0076,0.0
189****0092,0.0
189****0118,0.0
189****0119,0.0
189****0121,0.0
189****0128,0.0
189****0141,0.0
189****0160,0.0
189****0177,0.0
189****0185,0.0
189****0186,0.0
189****0188,0.0
189****0216,0.0
189****0246,0.0
189****0252,0.0
189****0257,0.0
189****0280,0.0
189****0294,0.0
189****0309,0.0
189****0316,0.0
189****0320,0.0
189****0323,0.0
189****0326,0.0
189****0382,0.0
189****0422,0.0
189****0436,0.0
189****0437,0.0
189****0451,0.0
189****0500,0.0
189****0503,0.0
189****0508,0.0
189****0530,0.0
189****0545,0.0
189****0550,0.0
189****0569,6298.15306721895
189****0578,0.0
189****0598,0.0
189****0612,0.0
189****0621,0.0
189****0623,0.0
189****0624,0.0
189****0640,0.0
189****0652,0.0
189****0654,0.0
189****0666,0.0
189****0686,0.0
189****0692,0.0
189****0695,0.0
189****0715,0.0
189****0720,0.0
189****0722,0.0
189****0779,0.0
189****0791,0.0
189****0799,6421.106538773573
189****0823,0.0
189****0827,0.0
189****0831,0.0
189****0855,0.0
189****0873,0.0
189****0880,0.0
189****0896,0.0
189****0899,0.0
189****0908,0.0
189****0931,0.0
189****0960,0.0
189****0972,0.0
189****0975,0.0
189****1008,0.0
189****1028,0.0
189****1030,0.0
189****1061,0.0
189****1091,0.0
189****1102,0.0
189****1128,0.0
189****1137,0.0
189****1143,0.0
189****1168,0.0
189****1181,0.0
189****1185,0.0
189****1188,2894.4728655968993
189****1193,0.0
189****1196,0.0
189****1206,0.0
189****1207,0.0
189****1215,0.0
189****1223,0.0
189****1226,0.0
189****1229,0.0
189****1230,0.0
189****1234,0.0
189****1235,0.0
189****1256,0.0
189****1273,0.0
189****1296,0.0
189****1299,0.0
189****1300,3.6318680825000005
189****1351,0.0
189****1357,0.0
189****1365,0.0
189****1370,0.0
189****1371,0.0
189****1374,0.0
189****1418,2729.62975222168
189****1468,0.0
189****1488,0.0
189****1489,0.0
189****1497,0.0
189****1501,0.0
189****1506,0.0
189****1516,0.0
189****1519,0.0
189****1591,0.0
189****1617,0.0
189****1631,0.0
189****1653,0.0
189****1661,0.0
189****1665,0.0
189****1671,0.0
189****1735,0.0
189****1777,6691.3407545362015
189****1782,0.0
189****1789,0.0
189****1791,0.0
189****1802,0.0
189****1808,0.0
189****1818,0.0
189****1821,0.0
189****1889,0.0
189****1908,0.0
189****1953,0.0
189****1961,0.0
189****1965,0.0
189****1969,0.0
189****1980,0.0
189****1988,0.0
189****2006,0.0
189****2007,0.0
189****2022,0.0
189****2052,0.0
189****2072,0.0
189****2093,0.0
189****2101,0.0
189****2111,0.0
189****2120,0.0
189****2126,0.0
189****2128,0.0
189****2171,0.0
189****2181,22.392465239139995
189****2200,0.0
189****2208,0.0
189****2229,12.26947157280002
189****2255,0.0
189****2273,0.0
189****2286,0.0
189****2290,0.0
189****2302,0.0
189****2306,79.58335234612
189****2351,0.0
189****2365,0.0
189****2368,0.0
189****2373,0.0
189****2379,0.0
189****2458,0.0
189****2469,0.0
189****2470,0.0
189****2495,0.0
189****2499,0.0
189****2524,0.0
189****2536,0.0
189****2555,0.0
189****2559,0.0
189****2567,0.0
189****2569,0.0
189****2616,0.0
189****2626,0.0
189****2641,0.0
189****2656,0.0
189****2688,0.0
189****2691,0.0
189****2695,0.0
189****2698,0.0
189****2699,0.0
189****2705,1.5486190823700072
189****2710,0.0
189****2750,0.0
189****2770,0.0
189****2781,0.0
189****2788,0.0
189****2802,0.0
189****2809,0.0
189****2811,5118.73164568062
189****2824,0.0
189****2829,0.0
189****2858,0.0
189****2899,0.0
189****2956,0.0
189****2970,0.0
189****2972,0.0
189****2982,0.0
189****2993,0.0
189****3012,3037.20729608712
189****3013,0.0
189****3031,0.0
189****3037,0.0
189****3082,0.0
189****3089,0.0
189****3125,0.0
189****3150,0.0
189****3181,0.0
189****3208,0.0
189****3213,0.0
189****3225,0.0
189****3242,0.0
189****3253,0.0
189****3297,0.0
189****3302,15.126227926650047
189****3303,0.0
189****3308,0.0
189****3357,0.0
189****3369,0.0
189****3381,0.0
189****3391,0.0
189****3396,0.0
189****3408,0.0
189****3421,0.0
189****3433,0.0
189****3499,0.0
189****3539,3157.784512921425
189****3550,0.0
189****3555,0.0
189****3568,0.0
189****3581,0.0
189****3582,0.0
189****3612,0.0
189****3622,0.0
189****3627,0.0
189****3665,0.0
189****3692,0.0
189****3721,0.0
189****3730,0.0
189****3753,4660.2172194107
189****3759,0.0
189****3777,0.0
189****3820,0.0
189****3853,0.0
189****3886,0.0
189****3933,6853.312802627201
189****3952,0.0
189****3988,0.0
189****3997,0.0
189****4083,0.0
189****4116,0.0
189****4132,0.0
189****4151,0.0
189****4173,0.0
189****4217,0.0
189****4219,0.0
189****4259,0.0
189****4280,0.0
189****4369,0.0
189****4371,0.0
189****4399,0.0
189****4422,0.0
189****4458,0.0
189****4480,0.0
189****4523,0.0
189****4549,0.0
189****4567,0.0
189****4597,0.0
189****4665,0.0
189****4723,0.0
189****4747,0.0
189****4775,0.0
189****4842,0.0
189****4848,0.0
189****4881,0.0
189****4895,0.0
189****5037,0.0
189****5044,0.0
189****5048,0.0
189****5051,29.169346308520023
189****5055,0.0
189****5111,0.0
189****5119,0.0
189****5130,0.0
189****5138,44.46084338746006
189****5141,0.0
189****5146,0.0
189****5186,0.0
189****5195,0.0
189****5200,0.0
189****5211,0.0
189****5220,0.0
189****5226,0.0
189****5254,0.0
189****5267,0.0
189****5268,0.0
189****5278,0.0
189****5280,0.0
189****5282,0.0
189****5287,0.0
189****5288,0.0
189****5301,69.80582726650994
189****5306,0.0
189****5312,0.0
189****5356,0.0
189****5367,0.0
189****5402,0.0
189****5530,0.0
189****5546,12.095806336110002
189****5569,0.0
189****5586,0.0
189****5588,0.0
189****5589,11.473811166299988
189****5598,0.0
189****5611,0.0
189****5612,0.0
189****5618,0.0
189****5668,0.0
189****5688,0.0
189****5692,0.0
189****5700,0.0
189****5712,0.0
189****5727,0.0
189****5733,0.0
189****5761,0.0
189****5765,0.0
189****5773,0.0
189****5787,0.0
189****5792,0.0
189****5808,0.0
189****5810,0.0
189****5831,0.0
189****5891,0.0
189****5966,0.0
189****5969,0.0
189****5991,0.0
189****5997,0.0
189****5999,0.0
189****6009,3149.3105669559995
189****6030,0.0
189****6045,0.0
189****6055,0.0
189****6065,0.0
189****6066,0.0
189****6078,0.0
189****6096,0.0
189****6109,0.0
189****6111,0.0
189****6121,0.0
189****6126,0.0
189****6130,0.0
189****6144,0.0
189****6151,0.0
189****6168,0.0
189****6193,0.0
189****6216,0.0
189****6246,0.0
189****6248,0.0
189****6258,0.0
189****6266,0.0
189****6355,21.108652351536026
189****6362,0.0
189****6366,0.0
189****6431,0.0
189****6458,0.0
189****6486,0.0
189****6508,0.0
189****6518,0.0
189****6541,0.0
189****6544,0.0
189****6562,0.0
189****6570,0.0
189****6577,0.0
189****6592,0.0
189****6616,0.0
189****6622,0.0
189****6638,0.0
189****6651,0.0
189****6661,0.0
189****6667,0.0
189****6739,0.0
189****6767,66.39786725208003
189****6768,0.0
189****6788,0.0
189****6791,0.0
189****6792,0.0
189****6806,0.0
189****6813,0.0
189****6820,0.0
189****6866,0.0
189****6891,0.0
189****6986,0.0
189****7003,0.0
189****7009,0.0
189****7018,0.0
189****7033,0.0
189****7036,0.0
189****7067,0.0
189****7081,0.0
189****7085,0.0
189****7087,0.0
189****7093,0.0
189****7115,0.0
189****7119,0.0
189****7122,0.0
189****7131,0.0
189****7133,0.0
189****7144,0.0
189****7152,126.04643082686205
189****7176,3184.7680558125
189****7181,0.0
189****7183,0.0
189****7209,0.0
189****7226,0.0
189****7235,3137.473332626
189****7257,0.0
189****7272,0.0
189****7276,0.0
189****7288,0.11839928674800655
189****7337,0.0
189****7339,35.51465806874995
189****7366,0.0
189****7388,0.0
189****7398,0.0
189****7441,0.0
189****7451,0.0
189****7456,0.0
189****7485,0.0
189****7486,0.0
189****7553,0.0
189****7572,0.0
189****7580,0.0
189****7582,0.0
189****7604,0.0
189****7626,324.3486031760001
189****7631,0.0
189****7636,0.0
189****7659,0.0
189****7660,0.0
189****7683,0.0
189****7700,7439.800496679679
189****7765,0.0
189****7778,0.0
189****7779,0.0
189****7783,0.0
189****7787,0.0
189****7810,0.0
189****7822,0.0
189****7826,0.0
189****7829,0.0
189****7835,0.0
189****7859,0.0
189****7879,0.0
189****7888,0.0
189****7897,8.659993478629946
189****7906,0.0
189****7916,0.0
189****7930,0.0
189****7962,0.0
189****7967,0.0
189****7976,0.0
189****7978,0.0
189****7991,0.0
189****8008,0.0
189****8016,0.0
189****8052,0.0
189****8065,0.0
189****8078,0.0
189****8089,0.0
189****8108,0.0
189****8126,0.0
189****8141,0.0
189****8163,0.0
189****8174,0.0
189****8178,0.0
189****8229,0.0
189****8273,0.0
189****8296,0.0
189****8303,0.0
189****8308,0.0
189****8314,0.0
189****8328,0.0
189****8336,0.0
189****8357,0.0
189****8368,0.0
189****8389,0.0
189****8452,0.0
189****8455,0.0
189****8459,0.0
189****8484,0.0
189****8499,0.0
189****8507,0.0
189****8536,0.0
189****8555,0.0
189****8561,0.0
189****8566,0.0
189****8576,0.0
189****8589,0.0
189****8635,0.0
189****8659,0.0
189****8663,0.0
189****8698,0.0
189****8712,0.0
189****8725,0.0
189****8728,0.0
189****8757,0.0
189****8759,0.0
189****8773,0.0
189****8809,0.0
189****8825,0.0
189****8828,0.0
189****8855,0.0
189****8868,0.0
189****8886,0.0
189****8890,0.0
189****8893,0.0
189****8895,0.0
189****8896,0.0
189****8898,0.0
189****8919,0.0
189****8977,0.0
189****8992,0.0
189****9021,0.0
189****9022,0.0
189****9036,0.0
189****9053,0.0
189****9115,0.0
189****9123,0.0
189****9139,0.0
189****9150,0.0
189****9158,0.0
189****9161,0.0
189****9169,0.0
189****9199,2953.1155431782404
189****9203,0.0
189****9256,0.0
189****9262,0.0
189****9325,0.0
189****9326,0.0
189****9337,0.0
189****9384,0.0
189****9396,0.0
189****9399,0.0
189****9502,0.0
189****9508,0.0
189****9514,0.0
189****9516,0.0
189****9527,0.0
189****9544,0.0
189****9555,0.0
189****9561,0.0
189****9567,0.0
189****9600,0.0
189****9603,0.0
189****9619,0.0
189****9653,0.0
189****9668,0.0
189****9689,0.0
189****9695,0.0
189****9702,0.0
189****9746,0.0
189****9761,0.0
189****9785,0.0
189****9802,4668.389169694975
189****9813,0.0
189****9816,0.0
189****9822,0.0
189****9861,0.0
189****9868,0.0
189****9877,0.0
189****9886,0.0
189****9894,0.0
189****9899,0.0
189****9928,0.0
189****9930,0.0
189****9943,0.0
189****9948,0.0
189****9963,0.0
189****9989,0.0
199****0029,0.0
199****0068,0.0
199****0081,0.0
199****0132,0.0
199****0136,0.0
199****0240,0.0
199****0501,0.0
199****0635,0.0
199****0645,0.0
199****0648,0.0
199****0687,0.0
199****0913,0.0
199****0933,0.0
199****1010,0.0
199****1135,0.0
199****1158,0.0
199****1175,0.0
199****1258,0.0
199****1324,0.0
199****1327,0.0
199****1343,0.0
199****1356,0.0
199****1392,0.0
199****1410,0.0
199****1554,0.0
199****1587,0.0
199****1633,0.0
199****1665,0.0
199****1684,0.0
199****1822,0.0
199****1916,0.0
199****1986,0.0
199****2037,0.0
199****2099,0.0
199****2134,0.0
199****2166,0.0
199****2237,0.0
199****2333,0.0
199****2360,0.0
199****2382,0.0
199****2443,0.0
199****2530,0.0
199****2551,0.0
199****2601,0.0
199****2733,0.0
199****2779,0.0
199****2786,0.0
199****2880,0.0
199****2940,0.0
199****2970,0.0
199****3003,0.0
199****3035,0.0
199****3050,0.0
199****3232,0.0
199****3238,0.0
199****3246,0.0
199****3336,0.0
199****3344,0.0
199****3375,0.0
199****3390,0.0
199****3416,0.0
199****3448,0.0
199****3507,0.0
199****3508,0.0
199****3717,0.0
199****3786,0.0
199****3806,0.0
199****3813,0.0
199****3815,0.0
199****3818,0.0
199****4025,0.0
199****4167,0.0
199****4272,0.0
199****4362,0.0
199****4373,0.0
199****4583,0.0
199****4633,0.0
199****4881,0.0
199****4988,0.0
199****5350,0.0
199****5352,0.0
199****5420,0.0
199****5558,0.0
199****5586,0.0
199****5689,0.0
199****5756,0.0
199****5779,0.0
199****5792,0.0
199****6018,0.0
199****6025,0.0
199****6119,0.0
199****6158,0.0
199****6162,0.0
199****6243,0.0
199****6516,0.0
199****6584,0.0
199****6613,0.0
199****6629,0.0
199****6666,0.0
199****6735,0.0
199****6839,0.0
199****6859,0.0
199****6954,0.0
199****7022,0.0
199****7171,0.0
199****7174,0.0
199****7259,0.0
199****7262,0.0
199****7470,0.0
199****7602,0.0
199****7666,0.0
199****7875,0.0
199****7889,0.0
199****7895,0.0
199****7896,0.0
199****7932,0.0
199****7991,0.0
199****8059,0.0
199****8137,0.0
199****8173,0.0
199****8176,0.0
199****8186,0.0
199****8208,0.0
199****8220,0.0
199****8373,0.0
199****8517,0.0
199****8528,0.0
199****8583,0.0
199****8762,0.0
199****8808,0.0
199****8873,0.0
199****8921,0.0
199****8929,0.0
199****8955,0.0
199****9098,0.0
199****9150,0.0
199****9152,0.0
199****9236,0.0
199****9247,0.0
199****9397,0.0
199****9473,0.0
199****9546,0.06237558643800492
199****9690,0.0
199****9729,0.0
199****9756,0.0
199****9937,0.0
199****9990,0.0
