imei,count
"""000000000000000""",1
"""000010898405120""",1
"""351952080251116""",1
"""351952086336614""",1
"""352097090075607""",1
"""35234408113090""",1
"""352562075845431""",1
"""352575070367375""",1
"""352709081710121""",1
"""352709082574591""",1
"""352709083491381""",1
"""352709084565589""",1
"""352713095408037""",1
"""352713097032736""",1
"""353114081926638""",1
"""353280081046105""",1
"""353460080819211""",1
"""353460081972282""",1
"""353460083122704""",1
"""353952072970317""",1
"""354039070461165""",1
"""354039071527535""",1
"""354268096154591""",1
"""354281051452413""",1
"""35460207101409""",1
"""35460207128460""",1
"""35460207381966""",1
"""35460207793497""",1
"""354730085496549""",1
"""354732081631376""",1
"""354732084494004""",1
"""354732084591882""",1
"""354732085060200""",1
"""354732085770493""",1
"""354763080433399""",1
"""354765084049865""",1
"""354765084150762""",1
"""355021060226328""",1
"""355085082018153""",1
"""355300076621585""",1
"""355309073907699""",1
"""355546053879030""",1
"""355757010629125""",1
"""355757019216205""",1
"""355905071836374""",1
"""355905072229595""",1
"""356156072754229""",2
"""356645090584899""",1
"""357058091429958""",1
"""357107071053476""",1
"""357404070585420""",1
"""357556062468319""",1
"""357612083428947""",1
"""357759083742742""",1
"""358166076416665""",1
"""35821107185815""",1
"""358314070857357""",1
"""358520080522555""",1
"""358522080853469""",1
"""358522089622105""",1
"""358530082338603""",1
"""358695072492056""",1
"""358695073041803""",1
"""358695073997665""",1
"""358811070929003""",2
"""358811076240017""",1
"""359274071580151""",1
"""359274073210955""",1
"""359583070156775""",1
"""359583073468656""",1
"""359583073858369""",1
"""359583075715203""",1
"""359583079086197""",1
"""359596067874010""",1
"""359942073455263""",1
"""359942075901876""",1
"""359942075981183""",1
"""8026889E""",1
"""860074450508662""",1
"""860076034568617""",1
"""860076036193034""",1
"""860076037419834""",1
"""860077032789999""",1
"""860121037210484""",1
"""860121037893594""",1
"""860172044898951""",1
"""860172047219510""",1
"""860187041185772""",1
"""860191030409763""",1
"""860219047700666""",1
"""860261631510713""",1
"""860268034643181""",1
"""860270039963416""",1
"""860273031363718""",1
"""860286036642639""",1
"""860303044852710""",1
"""860360040134774""",1
"""860391042094690""",1
"""860440038860273""",1
"""860441030897032""",1
"""860461030091436""",1
"""860477043497477""",1
"""860477045337713""",1
"""860482036230547""",1
"""860482038517800""",1
"""860525047980573""",1
"""860596036108708""",1
"""860596036207617""",1
"""860635037828854""",1
"""860662031898170""",2
"""860666047009094""",1
"""860716038276739""",1
"""860718034094025""",1
"""860729031083986""",1
"""860735035910736""",1
"""860735037517034""",1
"""860737037759152""",1
"""860758042663437""",1
"""860778036350718""",1
"""860797034128322""",1
"""860827027682017""",1
"""860916036224224""",1
"""860965032751037""",1
"""860980033716160""",1
"""860980036966986""",1
"""860983030770453""",1
"""860983031021062""",1
"""861006030869569""",1
"""861010032965052""",1
"""861025045005779""",2
"""861062033027689""",1
"""861063043462189""",2
"""861063049274356""",1
"""861065031246755""",1
"""861065032308687""",2
"""861065034209164""",1
"""861075034186940""",1
"""861076038166334""",1
"""861078034891766""",1
"""861079033447170""",1
"""861079038891794""",1
"""861106031556247""",1
"""861110037781569""",1
"""861138040832798""",1
"""861138044245757""",1
"""861141033981960""",1
"""861141037759982""",1
"""861144043883416""",1
"""86115703055939""",1
"""861189030094253""",1
"""861234039898682""",2
"""861243042093322""",1
"""861243048165983""",1
"""861247035358576""",1
"""861257033299730""",1
"""861258036501593""",1
"""861262031175098""",1
"""861262032351334""",1
"""861271042084074""",1
"""861271048827195""",1
"""861309031093712""",1
"""861317027919840""",1
"""861322034407755""",1
"""861404030471074""",1
"""861406032112028""",1
"""861413031129839""",1
"""861414031468839""",1
"""861414033303836""",1
"""861414035092635""",1
"""861414037038313""",1
"""861443037699816""",1
"""861443039236419""",1
"""861451032509377""",1
"""861451039804227""",1
"""861483030042531""",1
"""861492037667034""",1
"""861533035128675""",1
"""861543032350750""",1
"""861543035795555""",1
"""861545037252196""",1
"""861594045168234""",1
"""861594045232329""",1
"""861594047615083""",1
"""861599032183997""",1
"""861602037160059""",1
"""861602039346375""",1
"""861608049202375""",1
"""861613031408774""",1
"""861626030204507""",1
"""861646031281429""",1
"""861675045502504""",1
"""861680046511736""",1
"""861744039560652""",1
"""861749036024115""",1
"""861757032051677""",1
"""861794041207180""",1
"""861795033523252""",1
"""861837039135341""",1
"""861844038302856""",1
"""861873036854378""",1
"""861874037818057""",1
"""861907030446920""",1
"""861918035918532""",1
"""861918039781746""",1
"""861942040037393""",1
"""861942040499346""",1
"""861945038143651""",1
"""861958033699759""",1
"""861958034901980""",1
"""861962034099340""",1
"""861988031016334""",1
"""861997045439051""",1
"""862002035007429""",1
"""862002039129864""",1
"""862005030491480""",1
"""862017038108875""",1
"""862018030029697""",1
"""862022030034111""",2
"""862023032971599""",1
"""862033036400339""",1
"""862052031936246""",1
"""862058045084683""",1
"""862061036132578""",1
"""862078040469986""",1
"""862078044237967""",1
"""862078045513598""",1
"""862078049880191""",1
"""862096036613532""",1
"""862119035214563""",1
"""862142037232599""",1
"""862155031963993""",1
"""862155034235068""",1
"""862183030189436""",1
"""862183032284490""",1
"""862183033224735""",1
"""862183036361435""",1
"""862187035838400""",1
"""862209030268233""",1
"""862209032827226""",1
"""862209033742150""",1
"""862209033901855""",1
"""862209039487909""",1
"""862231030743874""",1
"""862231037724315""",1
"""862244030473194""",1
"""862249032010761""",1
"""862256048385152""",1
"""862258031333298""",1
"""862263034127499""",1
"""862263036438712""",1
"""862263039024436""",1
"""862265033117769""",1
"""862265037750441""",1
"""862268039294004""",1
"""862337030682705""",2
"""862337034347388""",1
"""862341036113632""",1
"""862374037682701""",1
"""862380031000899""",1
"""862380037405670""",1
"""862387035504552""",1
"""862400049261455""",1
"""862455035103491""",1
"""862455036916081""",1
"""862455037866111""",1
"""862455039259398""",1
"""862458033989192""",1
"""862467033798354""",1
"""862467036662656""",1
"""862467038802995""",1
"""862471032141772""",1
"""862471037023538""",1
"""862479037093344""",1
"""862484037973024""",1
"""862490034184473""",1
"""862490036051381""",1
"""862503036624500""",1
"""862504039551955""",1
"""862505032866365""",1
"""862505033397089""",1
"""862505035359764""",1
"""862505035671945""",1
"""862514038333701""",1
"""862521030874038""",1
"""862521032205082""",1
"""862521032244909""",1
"""862521035420761""",1
"""862526032691116""",1
"""862526033888679""",1
"""862526037350635""",1
"""862531033000119""",1
"""862531033742777""",1
"""862534036640113""",1
"""862538031777234""",1
"""862538034051595""",1
"""862546037497921""",1
"""862548038846346""",1
"""862552036684618""",1
"""862552039166944""",1
"""862552039740037""",1
"""862552039765794""",2
"""862561035770500""",1
"""862561036982740""",1
"""862565043072627""",1
"""862585032306505""",2
"""862603033661016""",1
"""862607034895549""",1
"""862609039945097""",1
"""862629032837042""",1
"""862632030826710""",1
"""862632031526459""",1
"""862634032988191""",1
"""862635032993875""",1
"""862635039641816""",1
"""862660037625850""",1
"""862667030817640""",1
"""862668032530256""",1
"""862668032784499""",1
"""862668033341208""",1
"""862668037409126""",1
"""862669039679468""",1
"""862679038018071""",1
"""862681030894970""",1
"""862681033020094""",1
"""862681034243257""",1
"""862689036812425""",1
"""862720034513358""",1
"""862734030936851""",1
"""862746036834229""",1
"""862756030918928""",1
"""862756040706230""",1
"""862759034175453""",1
"""862759039931371""",2
"""862767032391238""",1
"""862770031255578""",1
"""862770035521660""",1
"""862770036104540""",1
"""862770037075731""",1
"""862770037143067""",1
"""862771031530275""",1
"""862771033333629""",1
"""862783033126952""",1
"""862784030159731""",1
"""862784037653116""",1
"""862785038301126""",1
"""862791031946057""",1
"""862791033255887""",2
"""862813030372257""",1
"""862813030713153""",1
"""862813034861172""",1
"""862814034948639""",1
"""862819031435621""",1
"""862819035076983""",1
"""862820032063305""",1
"""862820039945348""",1
"""862823031995808""",1
"""862827039269660""",1
"""862828033613051""",1
"""862828043787317""",1
"""862829032767211""",1
"""862829037307211""",1
"""862841034153761""",1
"""862844033153626""",1
"""862844038821524""",1
"""862853031027674""",1
"""862855033719646""",1
"""862855042700280""",1
"""862855046279893""",1
"""862858033362045""",1
"""862859035332069""",1
"""862859042246757""",1
"""862860031077179""",1
"""862885032747314""",1
"""862891032686106""",1
"""862911036791221""",1
"""862911037394223""",1
"""862911039632869""",1
"""862918032897589""",1
"""862918036082196""",1
"""862941035127705""",1
"""862941039718277""",1
"""862946033608895""",1
"""862949034412697""",1
"""862950038034271""",1
"""862964035506538""",1
"""862965032131998""",1
"""862965039116430""",1
"""862966030794696""",1
"""862966032273335""",1
"""862975033766098""",1
"""862975036742690""",1
"""862976036485892""",1
"""862980033750126""",1
"""862982032467413""",1
"""862982035012851""",1
"""862986031963033""",1
"""862986037078372""",1
"""862991035531653""",1
"""862991035771788""",1
"""863008041137331""",1
"""863026036079995""",1
"""863042037253968""",1
"""863046033848952""",1
"""863046036560398""",1
"""863049030288156""",1
"""863049031241535""",1
"""863049039054211""",1
"""863054030245313""",1
"""863054030257714""",1
"""863054039795698""",1
"""863055032809253""",1
"""863056036581336""",1
"""863056036930913""",1
"""863056041459684""",1
"""863062038124976""",1
"""863064030626081""",1
"""863064031390349""",1
"""863065035240968""",1
"""863065036847944""",1
"""863092037186163""",1
"""863095036725782""",1
"""863098036061851""",1
"""863100034318125""",1
"""863116033790361""",1
"""863116035039551""",1
"""863125039803961""",2
"""863127036734058""",1
"""863136038647267""",1
"""863152042172101""",1
"""863152043541379""",1
"""863166015869444""",1
"""863182036255034""",1
"""863184039698293""",1
"""863192036881960""",1
"""863196039414430""",1
"""863197031721657""",1
"""863197033642653""",1
"""863197039304357""",1
"""863209037134288""",1
"""863209038620004""",2
"""863239042716290""",1
"""863239043470673""",1
"""863248034594318""",1
"""863254038658828""",1
"""863263034914440""",1
"""863263038603304""",1
"""863264034649457""",1
"""86326503072157""",1
"""863271033048516""",2
"""863272035712836""",1
"""863272037823938""",1
"""863272039166351""",1
"""863293033177632""",1
"""863295032699045""",1
"""863295035939448""",1
"""863295038611457""",1
"""863328036735596""",1
"""863330030432071""",1
"""863336031860251""",1
"""863336032221859""",1
"""863336033337530""",1
"""863336036654022""",1
"""863336037350091""",1
"""863338040302101""",1
"""863339034022432""",1
"""863339038727200""",1
"""863381041961202""",1
"""863388036069834""",1
"""863396037664354""",1
"""863397030335828""",1
"""863411031869345""",1
"""863437034954479""",1
"""863437038935631""",1
"""863444030078220""",1
"""863444034782322""",1
"""863445033987648""",1
"""863447038699814""",1
"""863454035885008""",1
"""863455034210262""",1
"""863466032733791""",1
"""863466036367257""",1
"""863471035018067""",1
"""863471039905137""",1
"""863473030424860""",1
"""863478031553906""",1
"""863504035609962""",1
"""863507037756301""",1
"""863513037734090""",1
"""863523035136313""",1
"""863539033191498""",1
"""863542045128094""",1
"""863558049533139""",1
"""863600039746378""",1
"""863603034173820""",1
"""863603037895858""",1
"""863668049187339""",1
"""863673040988859""",1
"""863673045837911""",1
"""863673046368692""",1
"""863673046903076""",1
"""863678037740270""",1
"""863679033616993""",1
"""863679048892498""",1
"""863684039137333""",1
"""863687045424959""",1
"""863687049027865""",1
"""863687049226574""",1
"""863696032727985""",1
"""863696036654664""",1
"""863696037432524""",1
"""863701031139784""",1
"""863708036124380""",1
"""863708038615898""",1
"""863709035379355""",1
"""863716030282559""",1
"""863716036765631""",1
"""863738029600013""",1
"""863738033725996""",1
"""863739033072728""",1
"""863739033717249""",1
"""863739037624466""",1
"""863777031324121""",1
"""863791034981381""",1
"""863792032809632""",1
"""863793033186897""",1
"""863793034211686""",1
"""863793036575963""",1
"""863797037915193""",1
"""863807034315659""",1
"""863807035008469""",1
"""863817032546379""",1
"""863818039803599""",1
"""863827030628558""",1
"""863845033233994""",1
"""863845034133375""",1
"""863845037084690""",1
"""863858033502037""",1
"""863858034592110""",1
"""863883036990120""",1
"""863883037712192""",1
"""863883039544387""",1
"""863894032388250""",1
"""863895031253338""",1
"""863897049514099""",1
"""863904034585132""",1
"""863912039744992""",1
"""863918035578961""",1
"""863920044470537""",1
"""863952035908902""",1
"""863952036900932""",1
"""863954030316909""",1
"""863954031682135""",1
"""863957042812153""",1
"""863968040488482""",1
"""863968040536926""",1
"""863968045655796""",1
"""863969030938106""",1
"""863969031497839""",1
"""863976045109938""",1
"""863979037494318""",1
"""863979038966843""",1
"""863982030945351""",1
"""863982034254123""",1
"""863982034651070""",1
"""863982038063843""",1
"""863999034421494""",1
"""863999037740270""",1
"""864022039592406""",1
"""864024032360286""",1
"""864031037383676""",1
"""864031038347118""",1
"""864032030607079""",1
"""864033032100469""",1
"""864035036745561""",1
"""864044033082242""",1
"""864067035039175""",1
"""864081038889650""",1
"""864083038594058""",1
"""864087030737011""",1
"""864097031029078""",1
"""864097031950471""",1
"""864101036926997""",1
"""864101037480390""",1
"""864102033227777""",1
"""864113035630090""",1
"""864128032785663""",1
"""864128038126243""",1
"""864128038332882""",1
"""864129036296483""",1
"""864131030041964""",1
"""864131038508279""",1
"""864141032444918""",1
"""864161036721475""",1
"""864162034416092""",1
"""864163030750393""",1
"""864168034296897""",1
"""864175035729131""",1
"""864176032077607""",1
"""864178032662131""",1
"""864178035460871""",1
"""864178035574754""",1
"""864178036915105""",1
"""864178039134514""",1
"""864181021180743""",1
"""864193039895782""",1
"""864225032106732""",1
"""864225032832972""",1
"""864225038940159""",1
"""864229033619263""",1
"""864229033927633""",1
"""864229037284932""",1
"""864230036545901""",1
"""864230036693149""",1
"""864232031718319""",1
"""864240033151355""",2
"""864241036340011""",1
"""864242034661457""",1
"""864243030466453""",1
"""864243031458715""",1
"""864248030457188""",1
"""864248035041821""",1
"""864248035582766""",1
"""864248036455905""",1
"""864248039532932""",1
"""864251032050399""",1
"""864253039734314""",1
"""864256032849971""",1
"""864264024914043""",1
"""864264027901575""",1
"""864274036669261""",1
"""864274038606204""",1
"""864274039226705""",1
"""864277030717846""",1
"""864277035319382""",1
"""864277036609963""",1
"""864277038995295""",1
"""864277039653943""",1
"""864278031446880""",1
"""864278032412600""",1
"""864278035407011""",1
"""864278038521370""",1
"""864282042036599""",1
"""864285031813951""",1
"""864288034288098""",1
"""864289039942838""",1
"""864291031912298""",1
"""864292030297558""",1
"""864295036028893""",1
"""864295036959758""",1
"""864299032008016""",1
"""864313034550774""",1
"""864313037636711""",1
"""864314037796737""",1
"""864315034391737""",1
"""864315035362935""",1
"""864320031782151""",1
"""864325033453339""",1
"""864325036248298""",1
"""864326034331151""",3
"""864329031784372""",1
"""864329033293638""",1
"""864341035494528""",1
"""864351045962109""",1
"""864351048883310""",1
"""864360039721017""",1
"""864368033046885""",1
"""864370032924823""",1
"""864370034515314""",1
"""864372035677663""",1
"""864373033453362""",1
"""864394032640254""",1
"""864398040266077""",1
"""864398042722838""",1
"""864398043660318""",1
"""864399035115618""",1
"""864404041370635""",1
"""864404041488197""",1
"""864404046566104""",1
"""864404047607501""",1
"""864411031585296""",2
"""864412038788271""",1
"""864416031370532""",1
"""864416038965235""",1
"""864426030431805""",1
"""864426031608690""",1
"""864426038683498""",1
"""864427039424213""",1
"""864429033469251""",1
"""864429036125264""",1
"""864430037484833""",1
"""864431031907076""",1
"""864431033166895""",1
"""864431035678699""",1
"""864431035934134""",1
"""864447033787670""",1
"""864448034084927""",1
"""864454035148513""",1
"""864458031873222""",1
"""864458033482394""",1
"""864467043224035""",1
"""864467046400053""",1
"""86447803020012""",1
"""864511032483092""",1
"""864534034232341""",1
"""864535031682784""",1
"""864550030436660""",1
"""864550035924199""",1
"""864550036159902""",1
"""864551035640413""",1
"""864551036223631""",1
"""864551037609739""",1
"""864552032279536""",1
"""864552032547742""",1
"""864552032618618""",1
"""864552038671496""",1
"""864552039791814""",1
"""864555032284877""",1
"""864566031969707""",1
"""864566032855657""",1
"""864566036684624""",1
"""864566038950486""",1
"""864588034921063""",1
"""864590035072425""",1
"""864590036783251""",1
"""864600030038196""",1
"""864600036992131""",1
"""864621030528531""",1
"""864621031149048""",1
"""864621034447449""",1
"""864621037510201""",1
"""864621038355580""",1
"""864621039502941""",1
"""864640035028610""",1
"""864643238173829""",1
"""864646030566454""",1
"""864646035993752""",1
"""864647036356502""",1
"""864651036275100""",1
"""864651038275488""",1
"""864664031914557""",1
"""864664036221040""",1
"""864678034628287""",1
"""864678035009545""",1
"""864678036737110""",1
"""864679044108088""",1
"""864679049046150""",1
"""864682031197726""",1
"""864682036718856""",1
"""864682037144532""",1
"""864684036990907""",1
"""864684039977000""",1
"""864692032217878""",1
"""864692038020490""",1
"""864692038462577""",1
"""864699037032079""",1
"""864738033036690""",1
"""864738036099562""",1
"""864740033114386""",1
"""864740039933177""",1
"""864751031067476""",1
"""864751031756144""",1
"""864751034377492""",1
"""864751034727746""",1
"""864751038232800""",1
"""864751038523315""",1
"""864765035085342""",1
"""864769042278874""",1
"""864769043614242""",1
"""864769044550585""",1
"""864778047311424""",1
"""864806031085777""",1
"""864821031802006""",1
"""864821034732382""",1
"""864821038111583""",1
"""864854036217185""",1
"""864854040638574""",1
"""864854043712590""",1
"""864883033161617""",1
"""864887031496966""",1
"""864889038729506""",1
"""864904031756099""",1
"""864904038451272""",1
"""864905032356300""",1
"""864911037503334""",1
"""864913034233386""",1
"""865023033618303""",1
"""865031032221912""",1
"""865032032978733""",1
"""865032035492443""",1
"""865032036887518""",1
"""865034037164806""",1
"""865034038128578""",1
"""865044030403176""",1
"""865044031033550""",1
"""865044032648539""",1
"""865045035095172""",1
"""865045039481659""",1
"""865092044578798""",1
"""865121034448108""",1
"""865130032405598""",1
"""865132030225952""",1
"""865159043369212""",1
"""865159044969267""",1
"""865175042560239""",1
"""865175044320434""",1
"""865176037596931""",1
"""865214034154121""",1
"""865214036448596""",1
"""865214038441813""",1
"""865216030462093""",1
"""865216036187959""",1
"""865224037924164""",1
"""865226036072184""",1
"""865227031649141""",1
"""865227033133813""",1
"""865227033577431""",1
"""865227039589059""",1
"""865240040146330""",1
"""865265047264620""",1
"""865280031480793""",1
"""865281039091756""",1
"""865296031476193""",1
"""865296039840713""",1
"""865297032114817""",1
"""865297032553519""",1
"""865305036819388""",1
"""865312024639604""",1
"""865315035099445""",1
"""865320030119123""",1
"""865320030907378""",1
"""865320032362838""",1
"""865320036885511""",1
"""865333039650014""",1
"""865334032929819""",1
"""865334038191711""",1
"""865334039458614""",1
"""865360031935895""",1
"""865360038020998""",1
"""865364038727313""",1
"""865366037308672""",1
"""86537103093292""",1
"""865376034098424""",1
"""865403034828269""",1
"""865411032100466""",1
"""865411033700686""",1
"""865411034061658""",1
"""865411037176198""",1
"""865422030487763""",1
"""865422038576443""",1
"""865441032548901""",1
"""865463038889774""",1
"""865481031496561""",1
"""865499032364760""",1
"""865499032960625""",1
"""865526030731192""",1
"""865540048373814""",1
"""865551032428803""",1
"""865551033639283""",1
"""865551034012571""",1
"""865552039179266""",1
"""865555031940627""",1
"""865578037832432""",1
"""865579032210400""",1
"""865579035599403""",1
"""865579036116058""",1
"""865579036733886""",1
"""865579037727077""",1
"""865579039299430""",1
"""865580035079875""",1
"""865580036294887""",1
"""865581034612229""",1
"""865581038789460""",1
"""865581039488971""",1
"""865582037463644""",1
"""865582037749539""",1
"""865583035015006""",1
"""865583037427746""",1
"""865584039288177""",1
"""865586028473520""",1
"""865627030955516""",1
"""865628039765476""",1
"""865629038976379""",1
"""865631033112513""",1
"""865632032344750""",1
"""865633030299855""",1
"""865664039504763""",1
"""865675039424976""",1
"""865709030686133""",1
"""865709032669277""",1
"""865709033971094""",1
"""865709034152124""",1
"""865709034967695""",1
"""865709037841004""",1
"""865727045404292""",1
"""865729031179334""",1
"""865729032777037""",1
"""865729034825156""",1
"""865730038440513""",1
"""865734030366817""",1
"""865736030797081""",1
"""865736039363109""",1
"""865737023863302""",1
"""865741040618970""",1
"""865741049618732""",1
"""865747032501777""",1
"""865762030003601""",1
"""865762031785842""",1
"""865762032459835""",1
"""865763031849034""",1
"""865763036192646""",1
"""865763039832677""",1
"""865766036596013""",1
"""865767034892784""",1
"""865767039802895""",1
"""865772035071750""",1
"""865773031284769""",1
"""865773031646785""",1
"""865773034170569""",1
"""865786040948349""",1
"""865786044375309""",1
"""865786044611182""",1
"""865809034415990""",1
"""865809036575007""",1
"""865809038357032""",1
"""865810036515357""",1
"""865810037638703""",1
"""865830031472099""",1
"""865830035583453""",1
"""865830037587643""",1
"""865831035583964""",1
"""865836034312083""",1
"""865845039203734""",1
"""865847040563056""",1
"""865852040569400""",1
"""865852044144465""",1
"""865855037699635""",1
"""865856041718593""",1
"""865861040540915""",1
"""865861041080556""",1
"""865861043848570""",1
"""865861044522232""",1
"""865861045105698""",1
"""865861045981338""",1
"""865861046679956""",1
"""865861047360895""",1
"""865861047423719""",1
"""865861048068596""",1
"""865861048362551""",1
"""865861049259418""",1
"""865861049502650""",1
"""865866030145252""",1
"""865866031103243""",1
"""865866036775334""",1
"""865866039261134""",1
"""865873032862082""",1
"""865873034207906""",1
"""865873039227925""",1
"""865902037507937""",1
"""865906043623596""",1
"""865918031375998""",1
"""865921038174950""",1
"""865937039484040""",1
"""865938035133359""",1
"""865938037131179""",1
"""865939039994515""",1
"""865951030085433""",1
"""865959045226686""",1
"""865959048684832""",1
"""865959049993026""",1
"""865968033047541""",1
"""865968037764430""",1
"""865968038937027""",1
"""865969031883218""",1
"""865969034173120""",1
"""865969036477412""",1
"""865970030869000""",1
"""865970030885659""",1
"""865970031856766""",1
"""865970036725503""",1
"""865970038755664""",1
"""865982026375462""",1
"""865988048868954""",1
"""866011040999831""",1
"""866015036214014""",1
"""866016034560333""",1
"""866016038280276""",1
"""866017037790596""",1
"""866035033491381""",1
"""866042039485813""",1
"""866044038830700""",1
"""866048038445120""",1
"""866049030927800""",1
"""866049034084269""",1
"""866049034808568""",1
"""866049039295993""",1
"""866050028197018""",1
"""866052031704764""",1
"""866052034306039""",1
"""866067037424696""",1
"""866069038754790""",1
"""866089032726255""",1
"""866089039336553""",1
"""866090033870555""",1
"""866090036359929""",1
"""866090037078536""",1
"""86611103979802""",1
"""866119036102896""",1
"""866123031123998""",1
"""866123034216450""",1
"""866123036089855""",1
"""866135033814994""",1
"""866145038506875""",1
"""866146030905925""",1
"""866146031132388""",1
"""866146037524885""",1
"""866146039803246""",1
"""866147044156570""",1
"""866147044694232""",1
"""866147044766790""",1
"""866147046934891""",1
"""866149030765349""",1
"""866149031261181""",1
"""866149039957756""",1
"""866150033338605""",1
"""866150035502661""",1
"""866150035666961""",1
"""866150036213938""",1
"""866158039335699""",1
"""866171030423950""",1
"""866171035251174""",1
"""866174030402776""",1
"""866174034608238""",2
"""866177036558194""",1
"""866188036201792""",1
"""866188038917056""",1
"""866190031679915""",1
"""866192027667730""",1
"""866193037900434""",1
"""866197033321818""",1
"""866197036460050""",1
"""866198033412227""",1
"""866198034140066""",1
"""866198038153412""",1
"""866198039677690""",1
"""866202041904041""",1
"""866202042906698""",1
"""866202046772849""",1
"""866205040333260""",1
"""866215033866515""",1
"""866217034205768""",1
"""866228032850042""",1
"""866228035619394""",1
"""866228043550185""",1
"""866228045675360""",1
"""866228046141297""",1
"""866228047428842""",1
"""866228047502786""",1
"""866228048978340""",1
"""866229030075574""",1
"""866229038924427""",1
"""866239032067289""",1
"""866239032226125""",1
"""866239036794599""",1
"""866240033355418""",1
"""866250038915827""",1
"""866258031243345""",1
"""866265035233479""",1
"""866273032523173""",1
"""866273037426364""",1
"""866294032172241""",1
"""866318031910796""",1
"""866318035195147""",1
"""866318037179677""",1
"""866320030492818""",1
"""866320036942311""",1
"""866321036407768""",1
"""866341038124120""",1
"""866341038261609""",1
"""866342033817775""",1
"""866348044976831""",1
"""866348046914939""",1
"""866348049848704""",1
"""866350031543426""",1
"""866350037093913""",1
"""866351031829930""",1
"""866352032664730""",1
"""866352034961654""",1
"""866354036474660""",1
"""866355036144492""",1
"""866356030273196""",1
"""866356037608972""",1
"""866363029061723""",1
"""866369035645375""",1
"""866369036020586""",1
"""866369036651216""",1
"""866370030781843""",1
"""866370032112013""",1
"""866370039996129""",1
"""866371033033869""",1
"""866372030109892""",1
"""866375041627224""",1
"""866376035036919""",1
"""866376035215299""",1
"""866378035588956""",1
"""866378035589277""",1
"""866379038608270""",1
"""866391045414212""",1
"""866402030072806""",1
"""866402030665310""",1
"""866402032547623""",1
"""866402033219776""",1
"""866413031352386""",1
"""866413032644625""",1
"""866413033866607""",1
"""866413036108866""",1
"""866419030570746""",1
"""866419032238219""",1
"""866432034947661""",1
"""866432036816815""",1
"""866445031170558""",1
"""866445033189135""",1
"""866445033545369""",1
"""866445035250414""",1
"""866447031428952""",1
"""866472035453756""",1
"""866489035515699""",1
"""866491038880393""",1
"""866504039578731""",1
"""866533031726667""",1
"""866533031848933""",1
"""866533032164736""",1
"""866533032165774""",1
"""866568031312613""",1
"""866568031332967""",1
"""866568031835860""",1
"""866568034352251""",1
"""866568036088713""",1
"""866570032349750""",1
"""866570036449168""",1
"""866571036151796""",1
"""866572032583677""",1
"""866572033872822""",1
"""866592034673649""",1
"""866615031492992""",1
"""866620032397109""",1
"""866624032998080""",1
"""866624033148842""",1
"""866636030505022""",1
"""866636033910294""",1
"""866636036036410""",1
"""866637030893814""",1
"""866642030104584""",1
"""866650030911874""",1
"""866654034739224""",1
"""866655030239796""",1
"""866655031390739""",1
"""866656034988933""",1
"""866657035683374""",1
"""866657036550390""",1
"""866683049284173""",1
"""866699038937597""",1
"""866712039002913""",1
"""86671403165799""",1
"""866716031298437""",1
"""866716031784246""",1
"""866763032438265""",1
"""866778030259901""",1
"""866789020929288""",1
"""866790039179279""",1
"""866792036437932""",1
"""866792038454638""",1
"""866822033583220""",1
"""866822034505305""",1
"""866822039799143""",1
"""866840039357852""",1
"""866841030188791""",1
"""866843038780223""",1
"""866847039933137""",1
"""866872039164475""",1
"""866874031029466""",1
"""866875035774668""",1
"""86690603264300""",2
"""866909032414398""",1
"""866909036774896""",1
"""866919030087195""",1
"""866932032090315""",1
"""866932036517891""",1
"""866933039677179""",1
"""866934033859177""",1
"""866934038480755""",1
"""866935030087522""",1
"""866935031111750""",1
"""866935033013210""",1
"""866935033732256""",1
"""866935035446038""",1
"""866935036531499""",1
"""866935037934650""",1
"""866936032598904""",1
"""866936032599803""",1
"""866936033408129""",1
"""866936034232700""",1
"""866936036136735""",1
"""866936036977054""",1
"""866937032202695""",1
"""866937033548310""",1
"""866937036371819""",1
"""866937037485592""",1
"""866938033544457""",1
"""866938033760194""",1
"""866938035353055""",1
"""866938035475338""",1
"""866938035815053""",1
"""866939036229641""",1
"""866946025199446""",1
"""866952037909392""",1
"""866952038534876""",1
"""866953034516206""",1
"""866953036531484""",1
"""866957030774792""",1
"""866982033945926""",1
"""866986043616757""",1
"""866986047928190""",1
"""867007039131187""",1
"""867008037531485""",1
"""867008039314666""",1
"""867011033194480""",2
"""867011036465994""",1
"""867011037257580""",1
"""867014032283155""",1
"""867026026910635""",1
"""867027033522785""",1
"""867054030023518""",1
"""86708503838204""",1
"""867092032891961""",1
"""867092037949228""",1
"""867130036599527""",1
"""867130038229867""",1
"""867138033954090""",1
"""867138035916634""",1
"""867140036620223""",1
"""867163032702175""",1
"""867168020734288""",1
"""867168023924290""",1
"""867169030879980""",1
"""867174034502869""",1
"""867174035551766""",1
"""867177030624660""",1
"""867177037685904""",1
"""867180035700154""",1
"""867180039383148""",1
"""867192031220731""",1
"""867216031574373""",1
"""867216031736832""",1
"""867216035899792""",1
"""867227033560138""",1
"""867228038079405""",1
"""867229032670421""",1
"""867229035418729""",1
"""867234036908900""",1
"""867234039809162""",1
"""867237031353295""",1
"""867237034825521""",1
"""867237035733682""",1
"""867252035272557""",1
"""867252037130910""",1
"""867262030662272""",1
"""867262036467783""",1
"""86729103350394""",1
"""867295038784755""",1
"""867300032968121""",1
"""867300035480603""",1
"""867300039944588""",1
"""867305039271528""",1
"""867308031958639""",1
"""867316049675459""",1
"""867349040894399""",1
"""867349043615015""",1
"""867359041804610""",1
"""867359042271355""",1
"""867362041389012""",1
"""867362045059868""",1
"""867365039095509""",1
"""867367031572154""",1
"""867367038962192""",2
"""867368035100661""",1
"""867375043102415""",1
"""867375043639796""",1
"""867391034797428""",1
"""867392030248226""",1
"""867392030562188""",1
"""867392034440761""",1
"""867407032753948""",1
"""867420032372312""",1
"""867439035818378""",1
"""867442035858352""",2
"""867465034090412""",1
"""867471039014811""",1
"""867471039918458""",1
"""867472035332975""",1
"""867472038002096""",1
"""867473037107589""",1
"""867473038354438""",1
"""867476038480871""",1
"""867476038826115""",1
"""867477030351938""",1
"""867477037953314""",1
"""867477038626117""",1
"""867478033158312""",1
"""867478033631953""",1
"""867478033901398""",1
"""867478035906866""",1
"""867478038479598""",1
"""867498032249797""",1
"""867498038439079""",1
"""867499030855239""",1
"""867499035340591""",1
"""867499036401459""",1
"""867499036624357""",1
"""86751703679573""",1
"""867519030832217""",1
"""867519033940215""",1
"""867520045888970""",1
"""867520047850598""",1
"""867523017146856""",1
"""867526031408970""",1
"""867527034063580""",1
"""867535034500329""",1
"""867536031064236""",1
"""867536032107786""",1
"""867536032249075""",1
"""867537036289273""",1
"""867540033303923""",1
"""867540034247145""",1
"""867540035071247""",1
"""867540035364436""",1
"""867540037972046""",1
"""867541032916707""",1
"""867547033989205""",1
"""867548041453192""",2
"""867550035855234""",1
"""867550038007890""",1
"""867551036142283""",1
"""867551037057969""",1
"""867556036234337""",1
"""867557031122139""",1
"""867557032360910""",1
"""867564030288713""",1
"""867600030346265""",1
"""867614041206434""",1
"""867620022184102""",1
"""867620025632529""",1
"""867620028046792""",1
"""867635033252557""",1
"""867635035156061""",1
"""867635039244574""",1
"""867665041363336""",1
"""867665045349190""",1
"""867665045478783""",1
"""867665046310829""",1
"""867666031453418""",1
"""867667037390133""",1
"""867667039600463""",1
"""867674036699779""",1
"""867676038749916""",1
"""867677030224171""",1
"""867677032005958""",1
"""867677032843259""",1
"""867677038424419""",1
"""867685037244340""",1
"""867698036949868""",1
"""867701036493257""",1
"""867701039083154""",1
"""867701039429134""",1
"""867707020568442""",1
"""867707022576336""",1
"""867710036997647""",1
"""867752024617324""",1
"""867769032695894""",1
"""867771035557279""",1
"""867772031793595""",1
"""867772035265491""",1
"""867778039221653""",1
"""867779031088629""",1
"""867779034435082""",1
"""867779038262383""",1
"""867779038966082""",1
"""867788042240418""",1
"""867788049022389""",1
"""867789028574366""",1
"""867800020609199""",1
"""867821033123069""",1
"""867821034993031""",1
"""867821037798353""",1
"""867821037991974""",1
"""867830026378259""",1
"""867855027963825""",1
"""867881030458108""",1
"""867898030571995""",1
"""867899021595779""",1
"""867899024877422""",1
"""867899029707681""",1
"""867899030146523""",1
"""867899031413237""",1
"""867910023750187""",1
"""867910031869839""",1
"""867918024462660""",1
"""867918026571641""",1
"""867918028972805""",1
"""867926030829780""",1
"""867926031463712""",1
"""867927032472181""",1
"""867927035518741""",1
"""867927036616213""",1
"""867928044114316""",1
"""867928047684752""",1
"""867928048627933""",1
"""867950046439996""",1
"""86795103175814""",1
"""867951036872436""",1
"""86795503329043""",1
"""867960030369067""",1
"""867960036372602""",1
"""867993024550798""",1
"""868014033961907""",1
"""868030024317099""",1
"""868030033697689""",1
"""868034030908305""",2
"""868035034004942""",1
"""868035036162169""",1
"""868035039118168""",1
"""868038030614730""",1
"""868039030364912""",1
"""868046038723098""",1
"""868047038468635""",1
"""868049032871855""",1
"""868049035146057""",1
"""868052034362055""",1
"""868052036932012""",1
"""868055033135174""",1
"""868058037417853""",1
"""868062021610010""",1
"""868063032217035""",1
"""868064038459258""",1
"""868082031125676""",1
"""868082034153410""",1
"""868090020455616""",1
"""868122034641319""",1
"""868129030668410""",1
"""868133031075930""",1
"""868144033099851""",1
"""868144036817630""",1
"""868146031349295""",1
"""868146036576132""",1
"""868146038104396""",1
"""868148069146478""",1
"""868217031086698""",2
"""868217031553614""",1
"""868217034424318""",1
"""868227038382115""",1
"""868228033689942""",1
"""868231034663445""",1
"""868235000100787""",1
"""868239023195188""",1
"""868239024104726""",1
"""868241034368739""",1
"""868245033761141""",1
"""868286031008572""",1
"""868290034793859""",1
"""868299034631118""",1
"""868299037686150""",1
"""868320044647330""",1
"""868349029665421""",1
"""868360037556411""",1
"""868361032662592""",1
"""868361035677050""",1
"""868362033217279""",1
"""868362034275334""",1
"""868364031241459""",1
"""868375030294778""",1
"""868375030517475""",1
"""868375031179374""",1
"""868375036643192""",1
"""868375038950181""",1
"""868381038178195""",1
"""868382032280433""",1
"""868382038206655""",1
"""868382039273381""",1
"""868392030784252""",1
"""868392032020705""",1
"""868394032984179""",1
"""868394038725634""",1
"""868394039737471""",1
"""868403039454878""",1
"""868404020169194""",1
"""868404023154854""",1
"""868404039634337""",1
"""868407034294775""",1
"""868407039813496""",1
"""868415032653249""",1
"""868427033488624""",1
"""868427034857918""",1
"""868427039261777""",1
"""868452032690236""",1
"""868452037586876""",1
"""868452038865337""",1
"""868453035678111""",1
"""868453039678398""",1
"""868454030237473""",1
"""868454033529835""",1
"""868454036747632""",1
"""868454038927851""",1
"""868464039061121""",1
"""868464041209981""",1
"""868479024646595""",1
"""868490049518230""",1
"""868496034952995""",1
"""868496036342260""",1
"""868510031206682""",1
"""868510037230108""",1
"""868510037982930""",1
"""868512033335451""",1
"""868512038279571""",1
"""868518037778455""",1
"""868520032683888""",1
"""868548032764291""",1
"""868548035721900""",1
"""868548037003125""",1
"""868550035529374""",2
"""868550038239062""",1
"""868551030127784""",1
"""868551032089487""",1
"""868551036731670""",1
"""868551038505247""",1
"""868577030461824""",1
"""868577035478518""",1
"""868600035848777""",1
"""868600037307020""",1
"""868612023549705""",1
"""868615024409522""",1
"""868619030269698""",1
"""868632032945793""",1
"""868632033998080""",1
"""868632035117713""",1
"""868633033634816""",1
"""868648031118315""",1
"""868648032125525""",1
"""868648037224711""",1
"""868648037458582""",1
"""868648039511099""",1
"""868663033734977""",1
"""868722033740291""",1
"""868738030957258""",1
"""868740036903146""",1
"""868740038666410""",1
"""868741031247570""",1
"""868741034317537""",1
"""868741039648613""",1
"""868752026626504""",1
"""868753026834072""",1
"""868765030753882""",1
"""868765039302624""",1
"""868787038450667""",1
"""868793034671157""",1
"""868794031782534""",1
"""868794032982232""",1
"""868802048794465""",1
"""868802049168693""",1
"""868808026354727""",1
"""868823031236298""",1
"""868823031340090""",1
"""86882303138559""",1
"""868826025365643""",1
"""868843041511142""",1
"""868853026103047""",1
"""868859042125559""",1
"""868859042394775""",1
"""868859044231892""",1
"""868859049407174""",1
"""868860030727091""",1
"""868860037061478""",1
"""868889040994359""",1
"""868889049913814""",1
"""868894030502691""",1
"""868897038009338""",1
"""868902031078692""",1
"""868903030361212""",1
"""868903039527557""",1
"""868904035897671""",1
"""868916035927696""",1
"""868918036897050""",1
"""868918038327379""",1
"""868920030126858""",1
"""868938038306710""",1
"""868947033880157""",1
"""868971030257094""",1
"""868973040899535""",1
"""868973042559277""",1
"""868973046188800""",1
"""868973047705743""",1
"""868973049911281""",1
"""868981034184012""",1
"""868990042953482""",1
"""868990043395907""",1
"""868990043720393""",1
"""868990044130527""",1
"""868990048872371""",1
"""868990049908539""",1
"""869011026807286""",1
"""869014033013575""",1
"""869014034260050""",1
"""869014036700632""",1
"""869016021299181""",1
"""869019032544017""",1
"""869043026364547""",1
"""869066035860213""",1
"""869067036081932""",1
"""869071030461819""",1
"""869071030785191""",1
"""869071034285495""",1
"""869071035513374""",1
"""869071036256759""",1
"""869082036061768""",1
"""869095034194829""",1
"""869095037735057""",1
"""869095038527321""",1
"""86909603621085""",1
"""869096036523023""",1
"""869111043014393""",1
"""869111047484253""",1
"""869115034710232""",1
"""869146023788368""",1
"""869150032418330""",1
"""869150032543111""",1
"""869150039348050""",1
"""869154025124020""",1
"""869156036296531""",1
"""869156045518776""",1
"""869157022970055""",1
"""869157024995787""",1
"""869158026735072""",1
"""869161025298985""",1
"""869161027523497""",1
"""869166031503534""",1
"""869166033370593""",1
"""869166034192772""",1
"""869166037034070""",1
"""869166037923611""",1
"""869171030153919""",1
"""869171030410111""",1
"""869171032352287""",1
"""869171035323095""",1
"""869172030772146""",1
"""869172031396051""",1
"""869200030989293""",1
"""869200031236512""",1
"""869231027397083""",1
"""869232032384652""",1
"""869232039725956""",1
"""869233030107558""",1
"""869233033515252""",1
"""869233034692233""",1
"""869233038853997""",1
"""869234034071436""",1
"""869234035200018""",1
"""869234035882534""",1
"""869234039042473""",1
"""869236040176372""",1
"""869245035991786""",1
"""869247034392628""",1
"""869259038624112""",1
"""869285033354900""",1
"""869285036680327""",1
"""869309031309052""",1
"""869315027045758""",2
"""869315035075557""",1
"""869334027733156""",1
"""869346030516626""",1
"""869352030171990""",1
"""869368030003892""",1
"""869377032920730""",1
"""869379033479922""",1
"""869381035196280""",1
"""869381036471161""",1
"""869381039107507""",1
"""869384036846317""",1
"""869386049193512""",1
"""869395024969309""",1
"""869402031614199""",1
"""869402038998330""",1
"""869410022014188""",1
"""869410027219378""",1
"""869410029362044""",1
"""869412038369333""",1
"""869412039111239""",1
"""869435033992999""",1
"""869435034316768""",1
"""869437022220366""",1
"""869454031591422""",1
"""869454032938093""",1
"""869454037379202""",1
"""869455031516962""",1
"""869455039126095""",1
"""869456032635330""",1
"""869456033859434""",1
"""869456034573836""",1
"""869459043378759""",1
"""869464032808758""",1
"""869464035293693""",1
"""869464038026421""",1
"""869477020401048""",2
"""869479035761077""",1
"""869494036491418""",1
"""869494036565393""",1
"""869495031075783""",1
"""869495036183038""",1
"""869495037213008""",1
"""869496038697371""",1
"""869496039520457""",1
"""869496039685854""",1
"""869497030712176""",1
"""869497034565133""",2
"""869497039540933""",1
"""869498031061019""",1
"""869498032423176""",1
"""869498033566676""",1
"""869498039691395""",1
"""869498039703331""",1
"""869499030820397""",1
"""869504037748085""",1
"""869513037566363""",1
"""869515032021138""",1
"""869515039914277""",1
"""869541022864931""",1
"""869541023614293""",1
"""869541026335599""",1
"""869545020979211""",1
"""869552023723513""",1
"""869552028768273""",1
"""869573034558318""",1
"""869598024790035""",1
"""869614032987859""",1
"""869615044328651""",1
"""869615047299537""",1
"""869618020683800""",1
"""869620032758083""",1
"""869622031140339""",1
"""869622031235154""",1
"""869622032929078""",1
"""869622034078890""",1
"""869677032109287""",1
"""869677032287885""",1
"""869677032343761""",1
"""869698030732250""",1
"""869698034825696""",1
"""869698039254777""",1
"""869700036767635""",1
"""869701030588225""",1
"""869704034467594""",1
"""869705032263893""",1
"""869705033411657""",1
"""869705033624572""",1
"""869705039771013""",1
"""869706030358230""",1
"""869707034866657""",1
"""869709022623918""",1
"""869709024479467""",1
"""869713031770074""",1
"""869713039420656""",1
"""869714038064891""",1
"""869718021197998""",1
"""869718026319670""",1
"""869718027888301""",1
"""869718028768692""",1
"""869718038621238""",1
"""869739048992344""",1
"""869741035011559""",1
"""869741039969042""",1
"""869741046826490""",1
"""869741047358592""",1
"""869741048721988""",1
"""869751034739613""",1
"""869751036972790""",1
"""869753031750775""",1
"""869753038714311""",1
"""869754031405196""",1
"""869754031514898""",1
"""869756034065091""",1
"""869756039915431""",1
"""869759032071418""",1
"""869765025433630""",1
"""869774037770203""",1
"""869782023585196""",1
"""869782027166431""",1
"""869801031243307""",1
"""869809035519317""",1
"""869813044704191""",1
"""869813045017999""",1
"""869818026475157""",1
"""869818027738967""",1
"""869823042598701""",1
"""869824034550684""",1
"""869824035419343""",1
"""869829042383853""",1
"""869829044394635""",1
"""869829048631156""",1
"""869834029594746""",1
"""869839038236676""",1
"""869839038486644""",1
"""869868030182182""",1
"""869868039032743""",1
"""869868039558192""",1
"""869869031531278""",1
"""869874032514265""",1
"""869874035072303""",1
"""869874035431038""",1
"""869874036706115""",1
"""869874037005145""",1
"""869874037172879""",1
"""869885038112417""",1
"""869902041176311""",2
"""869902043767737""",1
"""869902044354519""",1
"""869902044797873""",1
"""869902047433377""",1
"""869902048806217""",1
"""869906020315410""",1
"""869906020659445""",1
"""869906026512895""",1
"""869932036319493""",1
"""869933031834130""",1
"""869939038550116""",1
"""869940034992039""",1
"""869940039309411""",1
"""869949025238070""",1
"""869949028159661""",1
"""869949028186581""",1
"""869966035194937""",1
"""869967031899735""",1
"""869967033750753""",1
"""869979031011039""",1
"""869979033711552""",1
"""869979034420872""",2
"""869979034558283""",1
"""869982036984846""",1
"""869984036324775""",1
"""869989029517202""",1
"""86999403201862""",1
"""99000085159897""",1
"""99000300267728""",1
"""99000310710711""",1
"""99000458012792""",1
"""99000474193474""",1
"""99000479769845""",1
"""99000549246653""",1
"""99000567296334""",1
"""99000577627403""",1
"""99000581338714""",1
"""99000584292501""",1
"""99000619993584""",1
"""99000645173907""",1
"""99000645312552""",1
"""99000645841461""",1
"""99000663262838""",1
"""99000672584833""",1
"""99000694190763""",1
"""99000695056526""",1
"""99000706302814""",1
"""99000709918791""",1
"""99000711970174""",1
"""99000714259680""",1
"""99000715403468""",1
"""990007182663960""",1
"""99000736674113""",1
"""99000739134113""",1
"""99000761325508""",1
"""99000761973449""",1
"""99000763108235""",1
"""99000763424513""",1
"""99000764143720""",1
"""99000783023331""",1
"""99000809193710""",1
"""99000812127909""",1
"""99000812540525""",1
"""99000812611368""",1
"""99000829375829""",1
"""99000833474721""",1
"""99000847874517""",1
"""99000854268199""",1
"""99000860012933""",1
"""99000862036597""",1
"""99000863292370""",1
"""99000863366912""",1
"""99000864042378""",1
"""99000864166813""",1
"""99000865269523""",1
"""99000865326811""",1
"""99000866089224""",1
"""990008690164087""",1
"""99000869181780""",1
"""99000872286254""",1
"""99000872476302""",1
"""99000876028761""",1
"""99000878258292""",1
"""99000913132917""",1
"""99000913580426""",1
"""99000920241308""",1
"""99000926079652""",1
"""99000936132129""",1
"""99000939179307""",1
"""99000939252352""",1
"""99000939925745""",1
"""99000939927369""",1
"""99000939996595""",1
"""99000942169287""",1
"""99000942659984""",1
"""99000945340298""",1
"""99000946794689""",1
"""99000963542298""",1
"""99000966263079""",1
"""99000967166095""",1
"""99000967444764""",1
"""99000972307326""",1
"""99000976025714""",1
"""99000978058745""",1
"""99000982154994""",1
"""99000982290152""",1
"""99000982637819""",1
"""99000988272060""",1
"""990010041472722""",1
"""99001008042135""",1
"""99001008066008""",1
"""99001008130999""",1
"""99001008140853""",1
"""99001008489681""",1
"""99001008823716""",1
"""99001010129041""",1
"""99001011437287""",1
"""99001012534013""",1
"""99001013259117""",1
"""99001014136318""",1
"""99001020098335""",1
"""99001020499998""",1
"""99001020674750""",1
"""99001021475914""",1
"""99001021749355""",1
"""99001023037685""",1
"""99001023274578""",1
"""99001024030421""",1
"""99001026384093""",1
"""99001026682970""",1
"""99001026761098""",1
"""99001027112131""",1
"""99001027557585""",1
"""99001062633605""",1
"""99001062690959""",1
"""99001064481068""",1
"""99001064936743""",1
"""99001065981270""",1
"""99001068371256""",1
"""99001070601882""",1
"""99001080014802""",1
"""99001080131873""",1
"""99001080310848""",1
"""99001080390490""",1
"""99001080454701""",1
"""99001080688515""",1
"""99001080881451""",1
"""99001084538744""",1
"""99001084786045""",1
"""99001113090238""",1
"""99001113166849""",1
"""99001113385724""",1
"""99001113549388""",1
"""99001115280530""",1
"""99001121094212""",1
"""99001122128226""",1
"""99001122145882""",1
"""99001123091101""",1
"""99001123149629""",1
"""99001123320281""",1
"""99001123376230""",1
"""99001123582498""",1
"""99001123686634""",1
"""99001126519066""",1
"""99001139766727""",1
"""99001140164488""",1
"""99001140433602""",1
"""99001140786488""",1
"""99001140832367""",1
"""99001142029128""",1
"""99001145439294""",1
"""99001145867718""",1
"""99001148559117""",1
"""99001157504139""",1
"""99001183037772""",1
"""99001187208354""",1
"""99001203067058""",1
"""99001203303964""",1
"""99001203450844""",1
"""99001205000059""",1
"""99001211585934""",1
"""99001211791497""",1
"""99001214621658""",1
"""99001217188934""",1
"""99001217258749""",1
"""99001217601061""",1
"""99001217973437""",1
"""99001228853335""",1
"""99001228950043""",1
"""99001233368780""",1
"""99001235119400""",1
"""99001235405069""",1
"""99001235684010""",1
"""99001235809089""",1
"""99001235899115""",1
"""99001237534093""",1
"""99001237576534""",2
"""99001251164681""",1
"""A0000012ABC0C6""",1
"""A000002Cfe1c25""",1
"""A0000033124906""",1
"""A0000038E7D9E2""",1
"""A0000044AADBCD""",1
"""A00000455A1C86""",1
"""A00000455CB421""",1
"""A0000047F66306""",1
"""A00000480DE116""",1
"""A00000482D7566""",1
"""A00000485160C8""",1
"""A0000048517C6D""",1
"""A00000487A6FCA""",1
"""A000004F8A4691""",1
"""A000004F90B04B""",1
"""A000004FA25099""",1
"""A000004FE6F4B3""",1
"""A000004FFDABD6""",1
"""A00000554D7DBE""",1
"""A00000554F368C""",1
"""A0000055621F02""",1
"""A0000055622B05""",1
"""A000005565F3FC""",1
"""A00000556998D0""",1
"""A000005569C8C9""",1
"""A000005570873A""",1
"""A0000055815D54""",1
"""A0000055D28A6C""",1
"""A0000055E563A1""",1
"""A0000055F9DFB9""",1
"""A0000055FBF310""",1
"""A0000056401755""",1
"""A000005681E825""",1
"""A00000568590DC""",1
"""A00000568A95A1""",1
"""A00000568D7217""",1
"""A000005699701C""",1
"""A0000056A41DC1""",1
"""A0000056AA0843""",1
"""A0000056AF3E2E""",1
"""A0000056B83F0A""",1
"""A0000059212A12""",1
"""A00000592B7BFF""",1
"""A0000059333F4E""",1
"""A0000059370394""",1
"""A0000059435CEC""",1
"""A0000059637DED""",1
"""A00000596D0450""",1
"""A00000597824A3""",1
"""A0000059806364""",1
"""A0000059A87F57""",1
"""A000005E0BCA66""",1
"""A000005E193CCA""",1
"""A000005E3A1455""",1
"""A000005E4A11AC""",1
"""A000005E60DF15""",1
"""A000005E6F2551""",1
"""A000005E8C0B6A""",1
"""A000005E902068""",1
"""A000005F26AC92""",1
"""A000006018F13B""",1
"""A00000603D1B86""",1
"""A0000060AFCCA1""",1
"""A0000061270917""",1
"""A000006146C33F""",1
"""A00000614B22C5""",1
"""A00000615623BA""",2
"""A0000061689B40""",1
"""A000006169E54B""",1
"""A00000617235E3""",1
"""A0000061A87D2B""",1
"""A0000061A973AD""",1
"""A0000061AABB9C""",1
"""A0000061AB5BD1""",1
"""A0000061ABC151""",1
"""A0000061B0DC29""",1
"""A0000061B17A25""",1
"""A0000061B4043A""",1
"""A0000061B9CBE2""",1
"""A0000061C29809""",1
"""A0000061CA9A7D""",1
"""A0000061E3024B""",1
"""A0000061E32EC4""",1
"""A0000061F84B54""",1
"""A00000625784E4""",1
"""A00000625DFDDE""",1
"""A0000062F58073""",1
"""A0000063686302""",1
"""A00000636C0B79""",1
"""A00000639541BC""",1
"""A00000639678A3""",1
"""A000006398966B""",1
"""A0000063A0004E""",1
"""A0000063DBD8C0""",1
"""A0000063E41763""",1
"""A0000063ECC808""",1
"""A0000063EDDC6E""",1
"""A00000640A6DB8""",1
"""A0000064120AFC""",1
"""A000006412FF6B""",1
"""A000006415BF5D""",1
"""A0000064169714""",2
"""A00000641B222E""",1
"""A00000641CA022""",1
"""A00000641D159D""",1
"""A00000641EFAD6""",1
"""A0000064231A26""",1
"""A000006423F1F6""",1
"""A00000642FFB76""",1
"""A00000643689A9""",1
"""A000006438D275""",1
"""A00000643914AF""",1
"""A000006440DC7F""",1
"""A0000064419A2B""",1
"""A0000064449C9C""",1
"""A00000645B3D75""",1
"""A00000647608EE""",1
"""A00000647E22F3""",1
"""A0000064830042""",1
"""A000006494274D""",1
"""A00000649C6F2A""",1
"""A00000649DD6EC""",1
"""A0000064C90E6F""",1
"""A0000064E0C24E""",1
"""A0000064E2097B""",1
"""A0000064FA7E57""",1
"""A00000654200B6""",1
"""A0000065750EF6""",1
"""A00000685063E9""",1
"""A00000686F00C7""",1
"""A00000688BD47D""",2
"""A00000694B7A26""",1
"""A0000069986070""",1
"""A000006ABBD965""",1
"""A000006AFA4949""",1
"""A000006AFBE5EC""",1
"""A000006AFC047C""",1
"""A000006E711F35""",1
"""A000006E8FE0E2""",1
"""A000006EA05E77""",1
"""A000006EA0BDA5""",1
"""A000006EA29238""",1
"""A000006EB8F9E9""",1
"""A000006EBD8C26""",1
"""A000006EBF2468""",1
"""A000006EDA3783""",1
"""A000006EDA3C28""",1
"""A0000070394FEC""",1
"""A00000703BF54B""",1
"""A00000703C2847""",1
"""A0000070435985""",2
"""A0000070497D48""",1
"""A00000705D6A95""",1
"""A00000705F5457""",1
"""A00000706563AA""",1
"""A00000706891B6""",1
"""A00000707EE312""",1
"""A00000707F4D00""",1
"""A000007080D3EC""",1
"""A000007080F241""",1
"""A0000070A717BD""",1
"""A0000070B6A043""",1
"""A0000070B9A0AD""",1
"""A0000070C1329A""",1
"""A0000070C9050F""",1
"""A0000070CBEAF5""",1
"""A0000070CCF42E""",1
"""A0000070E31141""",1
"""A0000070E76A7F""",1
"""A0000070E9311D""",1
"""A0000070F055BF""",1
"""A0000070FE762E""",1
"""A00000710930F6""",1
"""A00000710B7F78""",1
"""A000007124C457""",1
"""A00000712F0EE9""",1
"""A00000713755CF""",1
"""A00000713C7B97""",1
"""A00000713EFC5C""",1
"""A00000715C50A0""",1
"""A00000715EFD44""",1
"""A00000716210DD""",1
"""A000007162F6F0""",1
"""A0000071632C4D""",1
"""A0000071656FE7""",1
"""A00000717B213E""",1
"""A000007185D190""",1
"""A00000718D0154""",1
"""A0000071AB81A4""",1
"""A0000071BF275E""",2
"""A0000071C05ACA""",1
"""A0000071CDF163""",1
"""A0000071D3C710""",1
"""A0000071D4A6E3""",1
"""A0000071D4DFB5""",1
"""A0000071D5D18D""",1
"""A0000071EA7442""",1
"""A0000071EECB2D""",1
"""A0000071F701F6""",1
"""A0000071F9FDCB""",1
"""A000007209212C""",1
"""A00000720D923F""",1
"""A0000072186847""",1
"""A000007238190E""",1
"""A00000723A103B""",1
"""A00000723E9C59""",1
"""A0000072445FD4""",1
"""A000007246F332""",1
"""A00000724876AF""",1
"""A0000072583B66""",1
"""A00000725C1E5A""",1
"""A0000072966114""",1
"""A0000072B1D8A9""",1
"""A0000072B229A4""",1
"""A0000072D7EC00""",1
"""A0000072E05294""",1
"""A0000072F2A9D7""",1
"""A0000072F4E5D5""",1
"""A00000730051E3""",1
"""A000007314AB58""",1
"""A0000073160930""",1
"""A00000731D1916""",1
"""A000007326632F""",1
"""A000007326E6CC""",1
"""A00000732DECC5""",1
"""A0000073560B14""",1
"""A00000735BF7B3""",1
"""A00000735BFF30""",1
"""A00000736D800B""",1
"""A0000073701B27""",1
"""A00000737ACC93""",1
"""A0000073886DE7""",1
"""A0000073892AC4""",1
"""A0000073A4CE2C""",1
"""A0000073A6A081""",1
"""A0000073D2F1DE""",1
"""A0000073D7AD06""",1
"""A0000073DA7260""",1
"""A0000073DE08B8""",1
"""A0000073F73414""",1
"""A000007402965F""",1
"""A0000074048F9C""",1
"""A00000740A82CE""",1
"""A00000740C9EBF""",1
"""A00000740ED59E""",1
"""A000007418355F""",1
"""A000007418A138""",1
"""A0000074231A2D""",1
"""A0000074440FB4""",1
"""A0000074448B2C""",1
"""A000007465AD72""",1
"""A000007466A253""",1
"""A000007466C3B2""",1
"""A00000747C2699""",1
"""A00000747D57D1""",1
"""A000007480D971""",1
"""A00000749990B5""",1
"""A0000074A2C9EF""",1
"""A0000074A457F7""",1
"""A0000074BD5AB8""",1
"""A0000074BEBE0D""",1
"""A0000074E9A272""",1
"""A0000074EE9C7F""",1
"""A0000074EED1D8""",1
"""A000007514F2EC""",1
"""A000007526E18E""",1
"""A00000756A7E59""",1
"""A000007571AE23""",1
"""A00000758F92C1""",1
"""A000007804B4AA""",1
"""A000007818D5DE""",1
"""A000007820465D""",1
"""A000007829E941""",1
"""A0000078386AC3""",1
"""A00000785D2826""",1
"""A00000786167B7""",1
"""A0000078DC2A05""",1
"""A0000078F8D509""",1
"""A00000793B9D8D""",1
"""A000007AE503F3""",1
"""A000007EB2326E""",1
"""A00000851B48CC""",1
"""A000008527C6A9""",1
"""A000008569E717""",2
"""A0000085782AA5""",1
"""A000008578EBDD""",1
"""A00000858C6500""",1
"""A0000085E69DFA""",1
"""A0000085FA3DB0""",1
"""A0000085FBEB1B""",1
"""A00000862AD674""",1
"""A000008632A786""",1
"""A000008641DA3A""",1
"""A0000086452845""",1
"""A00000865F4006""",1
"""A000008675E862""",1
"""A00000869103DE""",1
"""A0000086C372B1""",1
"""A0000086C3D1DF""",1
"""A00000870113BC""",1
"""A0000087048433""",1
"""A000008755C826""",1
"""A000008755E64C""",1
"""A00000875A26FF""",1
"""A000008761F0EB""",2
"""A000008763F492""",1
"""A0000087664C36""",1
"""A000008768A290""",1
"""A000008780FC05""",1
"""A0000087969C05""",1
"""A0000087988B49""",1
"""A000008798A2EB""",1
"""A0000087A38F39""",1
"""A0000087A75E84""",1
"""A0000087AA625F""",1
"""A0000087C134A7""",1
"""A0000087C2FC24""",1
"""A0000087CA7EAE""",1
"""A0000087DB43FE""",1
"""A0000087E94FE9""",1
"""A0000087EA0197""",1
"""A0000087EA3475""",1
"""A0000087F045C9""",1
"""A0000087F3B558""",1
"""A0000088141FD5""",1
"""A000008817A8FE""",1
"""A000008819458F""",1
"""A0000088334EC2""",1
"""A0000088341360""",1
"""A000008834CCA7""",1
"""A0000088371010""",1
"""A00000885663EF""",1
"""A0000088599E52""",1
"""A00000885E65D8""",1
"""A0000088608EF0""",1
"""A000008877A946""",1
"""A000008878C1F5""",1
"""A00000887B0F40""",1
"""A00000888D5B88""",1
"""A0000088927DD6""",1
"""A0000088A46E7F""",1
"""A0000088ADCBC8""",1
"""A0000088B2B8A5""",1
"""A0000088B7E5EA""",1
"""A0000088BB3B25""",1
"""A0000088BC8A53""",1
"""A0000088E17D02""",1
"""A0000088F391BF""",1
"""A00000890696CA""",1
"""A00000890A0014""",1
"""A00000891FBEA4""",1
"""A0000089269959""",1
"""A00000893156BB""",1
"""A000008953F289""",1
"""A000008958BFD7""",1
"""A000008958EA50""",1
"""A00000896087EF""",1
"""A0000089798019""",1
"""A000008984824A""",1
"""A0000089961FD6""",1
"""A0000089964055""",1
"""A0000089B17258""",1
"""A0000089BE8874""",1
"""A0000089BFF412""",1
"""A0000089C55A4A""",1
"""A0000089CD61FD""",1
"""A0000089CF6BCF""",1
"""A0000089CFE922""",1
"""A0000089E8B738""",1
"""A0000089F63A69""",1
"""A000008A0290BC""",1
"""A000008A05CAA5""",1
"""A000008A0E4A22""",1
"""A000008A1791B2""",1
"""A000008A18BA62""",1
"""A000008A262FA0""",1
"""A000008A3424E4""",1
"""A000008A352C9F""",1
"""A000008A3F205C""",1
"""A000008A422FA3""",1
"""A000008A480362""",1
"""A000008A49FB25""",1
"""A000008A4A980E""",1
"""A000008A4C22D1""",1
"""A000008A4FB99F""",1
"""A000008A5B56A8""",1
"""A000008A6B5A8F""",1
"""A000008A75E145""",1
"""A000008A870E92""",1
"""A000008A99AB11""",2
"""A000008A9C40DA""",1
"""A000008ABA225B""",1
"""A000008ABDF424""",1
"""A000008AC126CE""",1
"""A000008ADD6A76""",1
"""A000008AF42D69""",1
"""A000008D14F33B""",1
"""A000008D343B31""",1
"""A000008D3DF6AB""",1
"""A000008D637B08""",1
"""A000008D76B443""",1
"""A000008D7FADBD""",1
"""A000008D826E97""",1
"""A000008D845149""",1
"""A000008D89D6D5""",1
"""A000008D90EA43""",1
"""A000008D9EF5B3""",1
"""A000008DAEFBF3""",1
"""A000008DC8B0B4""",1
"""A000009111D392""",1
"""A0000091175995""",1
"""A00000911D4072""",1
"""A0000091E24CF4""",1
"""A0000091E28BB4""",1
"""A01155481688663""",1
"""A100000D1cfa85""",1
"""A100000D280136""",1
"""A1000013a203e2""",1
"""A1000030da4d71""",1
"""A1000037D43823""",1
"""A1000037c60205""",1
"""A100003A021222""",1
"""A100003A3B3C4F""",1
"""A100003A3B685F""",1
"""A100003A5092E4""",1
"""A100003A550CBB""",1
"""A100003A570827""",1
"""A1000041FD5AF5""",1
"""A100004238B8D6""",1
"""A1000045655BAE""",1
"""A100004566F80F""",1
"""A1000048005029""",1
"""A100004811D086""",1
"""A10000481A0B98""",1
"""A1000049281AD2""",1
"""A1000049C19508""",1
"""A1000049F49586""",1
"""A1000049FD7BB1""",1
"""A100004C020299""",1
"""A100004C04FCF1""",1
"""A100004C078913""",1
"""A100004C151135""",1
"""A100004C193AD6""",1
"""A100004C1C8FBF""",1
"""A100004C1C9066""",1
"""A100004C1F5AF8""",1
"""A100004C378B4F""",1
"""A100004C636A05""",1
"""A100004C6660DD""",1
"""A100004C79599F""",1
"""A100004DA5062D""",1
"""A100004DAA89D5""",1
"""A100004DD867E6""",2
"""A100004DDC78C2""",1
"""A100004DE212B9""",1
"""A100004DFF1273""",1
"""A100004E07D107""",1
"""A100004E09F31A""",1
"""A100004E10BC5C""",1
"""A100004E1BFB9C""",1
"""A100004E1C421E""",1
"""A100004E463EB6""",1
"""A100004E4772B6""",1
"""A100004E592161""",1
"""A100004E5970AC""",1
"""A100004E676063""",1
"""A100004E67E1D3""",1
"""A100004E6E93C5""",1
"""A100004E702C19""",1
"""A100004EB1680A""",1
"""A100004EC497C6""",1
"""A1000050041DFA""",1
"""A10000507D18EE""",1
"""A100005097A397""",1
"""A1000050A0E17C""",1
"""A1000050B88453""",1
"""A1000050B97014""",1
"""A1000050C003F6""",1
"""A1000050C09ABA""",1
"""A1000050C2EDB0""",1
"""A1000050C86101""",1
"""A1000050C93B76""",1
"""A1000050E2637F""",1
"""A1000050E7ECAB""",1
"""A1000050FDE8C1""",1
"""A100005132881D""",1
"""A1000051525641""",1
"""A100005154D0F5""",1
"""A100005245F841""",1
"""A10000524CEF47""",1
"""A10000525612CE""",1
"""A10000525775A5""",1
"""A100005258C079""",1
"""A1000052B464B9""",1
"""A1000052B5AAB1""",1
"""A1000052B9BD6A""",1
"""A1000052BB6760""",1
"""A1000053E2BE85""",1
"""A1000053E54C55""",1
"""A1000053F666C4""",1
"""A1000053FDA78B""",1
"""A1000054207A63""",2
"""A100005428CD64""",1
"""A10000542B9639""",1
"""A10000543813BC""",1
"""A10000543B7020""",1
"""A1000054436973""",1
"""A10000545266EC""",1
"""A10000545866B0""",1
"""A1000054588626""",1
"""A10000546E3F60""",1
"""A1000054757ABC""",1
"""A10000547F96D2""",1
"""A10000549B9E0C""",1
"""A100005540C82B""",1
"""A100005555198A""",2
"""A100005558C762""",1
"""A10000555A76E4""",1
"""A100005560DFDB""",1
"""A100005569D6FF""",1
"""A1000055803A64""",1
"""A100005584AD1E""",1
"""A100005584E8C9""",1
"""A10000558FA91B""",1
"""A1000055925541""",1
"""A100005594A969""",1
"""A1000055A66A20""",1
"""A1000055AA6B97""",1
"""A1000055ACE245""",1
"""A1000055C1A4A2""",1
"""A1000055C2F872""",1
"""A1000055D8BB09""",1
"""A1000055D8BE63""",1
"""A1000055DB488A""",1
"""A1000056319CE2""",1
"""A100005636D62F""",1
"""A10000564D29FC""",1
"""A10000568F7946""",1
"""A10000569D965F""",1
"""A10000586A8DD0""",1
"""A1000058875C9E""",1
"""A10000589BA80B""",1
"""A10000589C7410""",1
"""A1000058A80074""",1
"""A1000058A9B9C1""",1
"""A1000058D6573C""",1
"""A1000058E09CE5""",1
"""A1000058FE9436""",1
"""A1000059D4E580""",1
"""A1000059DA409B""",1
"""A100005A486E7B""",1
"""A100005A4EE843""",1
"""A100005B84E412""",1
"""A100005C47A362""",1
"""A100005C4CF71F""",1
"""A100005C5BA6D7""",1
"""A100005C65006D""",1
"""A100005C6DABAB""",1
"""A100005DC05547""",1
"""A100005FC7E21D""",1
"""A100005FCD39A8""",1
"""A1000060E3E397""",1
"""A100006804A38C""",1
"""A10000680D8114""",1
"""A1000087813144""",1
"""A10000FD143EB0""",1
"""a000004fb56c50""",1
"""a000004fbed842""",1
"""a000004fdd8721""",1
"""a000004fde85bf""",1
"""a000004fdfe1e7""",1
"""a000004fe6476a""",1
"""a000004ffa6a88""",1
"""a0000055091a6d""",1
"""a00000550f7de8""",1
"""a000005516e6e4""",1
"""a00000552af9eb""",1
"""a0000055418550""",1
"""a000005552e337""",1
"""a0000055531b29""",1
"""a0000055bd88c1""",1
"""a0000055c87644""",1
"""a0000055cf2b51""",1
"""a0000055e4e3aa""",1
"""a0000059004c2d""",1
"""a00000590c88be""",1
"""a00000591a73b4""",1
"""a000005928cb9a""",1
"""a00000595995a8""",1
"""a00000595b1653""",1
"""a000005976652a""",1
"""a0000059940d99""",1
"""a00000599415cb""",1
"""a0000059a95914""",1
"""a0000059ab4a82""",1
"""a0000059ac07b3""",1
"""a0000059b990f2""",2
"""a0000059b9a393""",1
"""a0000059bcf0f3""",1
"""a0000059c733d5""",1
"""a000005e338da1""",1
"""a000005e3977f6""",1
"""a1000014883d16""",1
"""a1000023220112""",1
0,0
