180****1683,"""862679038018071"""
199****1410,"""867855027963825"""
153****1990,"""862552036684618"""
189****2811,"""A0000071EECB2D"""
153****0300,"""863523035136313"""
189****8126,"""A1000058A9B9C1"""
153****9129,0
159****0213,"""864128038126243"""
183****9292,"""866932036517891"""
153****2872,"""868551038505247"""
153****0288,"""869902044354519"""
153****0902,"""A0000073A4CE2C"""
133****3298,"""866049030927800"""
180****4905,"""99000967166095"""
180****4973,"""865968037764430"""
177****2708,"""864178035460871"""
173****9827,"""86537103093292"""
177****0927,"""868241034368739"""
166****9167,"""862668037409126"""
153****1245,"""869150039348050"""
189****0692,"""A10000547F96D2"""
180****0669,"""867007039131187"""
180****3823,"""A00000649C6F2A"""
180****1771,"""865580035079875"""
133****6770,"""864854040638574"""
153****5319,"""A000008755E64C"""
153****9294,"""A100000D280136"""
173****0283,"""868843041511142"""
189****3082,"""99001211585934"""
199****5792,"""A100005560DFDB"""
159****3525,"""868823031236298"""
153****6191,0
181****1376,0
136****8069,"""862467033798354"""
133****8229,"""865786044611182"""
177****4990,0
199****5420,"""99000763108235"""
187****1234,0
153****5364,"""865959048684832"""
181****8426,"""864889038729506"""
199****7174,"""860273031363718"""
199****3003,"""862966030794696"""
182****5187,"""863437038935631"""
180****9535,"""99000761973449"""
133****0670,"""A00000554D7DBE"""
189****2286,"""a0000059ac07b3"""
181****2141,"""868392030784252"""
133****8996,"""358522080853469"""
180****6563,"""862534036640113"""
180****7955,"""867620022184102"""
181****3344,"""A000007209212C"""
133****5567,0
189****4458,"""A000006EDA3783"""
133****5837,"""354732081631376"""
153****3696,"""864621034447449"""
153****8587,"""A00000705F5457"""
199****2940,"""A1000037c60205"""
177****3888,"""867472035332975"""
180****1212,"""864193039895782"""
181****8949,"""864256032849971"""
187****3796,"""864738033036690"""
152****8435,"""861749036024115"""
181****8702,"""866568031332967"""
133****2305,"""867138033954090"""
189****4842,"""868082031125676"""
173****0509,"""866946025199446"""
180****0621,"""864243031458715"""
153****9365,"""A000008D89D6D5"""
133****5108,"""A100004E4772B6"""
153****9949,"""867540035364436"""
177****6513,"""861144043883416"""
153****9689,"""864590035072425"""
180****6453,"""A1000055A66A20"""
177****8884,"""A0000071AB81A4"""
133****8455,"""864295036028893"""
153****7156,"""99001211791497"""
181****9370,"""866350037093913"""
180****0512,"""A100005558C762"""
189****2111,"""867928048627933"""
180****8898,"""863673046903076"""
177****0221,"""860441030897032"""
133****7879,"""862231037724315"""
133****2383,"""865830037587643"""
181****4254,"""865579039299430"""
133****7303,"""861602039346375"""
133****8828,0
133****3877,"""A0000089964055"""
189****7683,"""A0000073F73414"""
181****5870,"""866491038880393"""
180****2995,"""865481031496561"""
133****0760,"""865866039261134"""
155****2901,"""866934038480755"""
133****6276,"""864248039532932"""
133****6711,"""A000008AF42D69"""
189****6030,"""865709034967695"""
180****2735,"""99000939927369"""
133****2638,"""865762032459835"""
189****8303,"""867557031122139"""
133****5665,"""867536031064236"""
180****3824,"""A000008D7FADBD"""
177****8990,"""864588034921063"""
133****5909,"""868375036643192"""
181****0904,"""866637030893814"""
189****8052,"""863603037895858"""
177****0909,"""866355036144492"""
173****2237,"""865969031883218"""
177****9996,"""865411033700686"""
199****2443,"""868859049407174"""
153****0736,"""863197039304357"""
189****1418,"""862455035103491"""
133****5215,"""355085082018153"""
134****3811,"""865581038789460"""
189****8536,"""868062021610010"""
180****2015,"""868802049168693"""
181****0987,"""A00000703C2847"""
180****7559,"""A00000785D2826"""
156****6545,"""868496034952995"""
153****8847,0
189****0799,"""869233038853997"""
180****1212,0
189****0177,"""A0000089C55A4A"""
133****6889,0
153****0860,"""862770035521660"""
199****3507,"""864315034391737"""
153****4518,"""866369036651216"""
181****8817,"""864299032008016"""
181****5005,"""866445033189135"""
182****8109,"""869718027888301"""
133****1160,"""862585032306505"""
180****6156,"""A0000091E28BB4"""
189****9123,0
189****3753,"""866778030259901"""
177****5732,"""863263038603304"""
153****7192,"""864277030717846"""
153****4518,"""865734030366817"""
133****1165,"""864738036099562"""
133****7700,"""869377032920730"""
153****7556,"""A000007080D3EC"""
158****7273,"""869718021197998"""
177****3238,"""A00000740A82CE"""
180****3786,"""868550038239062"""
158****2591,"""A00000717B213E"""
177****1672,"""A00000647E22F3"""
153****0043,"""990010041472722"""
133****9162,"""99001080390490"""
189****1782,"""865320032362838"""
133****1726,0
189****3208,"""A100004C020299"""
181****5240,"""863709035379355"""
133****4313,"""866229030075574"""
153****8269,"""869497039540933"""
153****5431,"""865214038441813"""
177****1939,0
180****0004,"""A000008819458F"""
173****1902,"""869477020401048"""
189****8589,"""862023032971599"""
180****8589,0
133****1821,"""865631033112513"""
189****3357,0
181****7308,"""A100005584AD1E"""
189****9813,"""A00000625DFDDE"""
180****7657,"""864679044108088"""
181****0122,"""A0000061AABB9C"""
181****0638,"""A0000089F63A69"""
180****8734,"""862681033020094"""
173****3997,"""867540034247145"""
189****1516,"""868228033689942"""
153****2006,"""A000004F90B04B"""
153****9823,"""865809034415990"""
189****6767,"""862982032467413"""
173****6254,"""354732084494004"""
199****4025,"""A1000030da4d71"""
180****9219,"""867478038479598"""
180****3048,"""862078045513598"""
133****4898,"""864248035041821"""
180****5998,"""865861045105698"""
180****9695,"""866348049848704"""
189****1489,"""866402030072806"""
181****6875,"""99001021475914"""
153****3434,"""A0000071F9FDCB"""
199****8208,"""866341038124120"""
173****1640,"""A00000725C1E5A"""
153****3582,"""864692032217878"""
185****5685,"""860482036230547"""
199****0635,"""866190031679915"""
133****7798,"""866935037934650"""
189****2559,"""99000581338714"""
189****5569,"""A100005C6DABAB"""
133****7788,0
133****8336,"""99001251164681"""
133****0288,"""99000300267728"""
180****7131,"""865951030085433"""
189****1235,"""863818039803599"""
189****3381,"""A00000642FFB76"""
177****3873,"""99001010129041"""
153****0628,"""869741047358592"""
153****7910,"""861757032051677"""
181****6100,"""A00000703BF54B"""
189****8336,"""A0000074E9A272"""
173****5645,"""867216031736832"""
153****1070,"""869741039969042"""
133****8633,"""863127036734058"""
177****4938,"""869066035860213"""
199****2970,"""864651038275488"""
199****8517,"""868520032683888"""
153****0041,"""865772035071750"""
133****8687,"""a0000059940d99"""
153****5900,"""A10000564D29FC"""
180****2054,"""A000002Cfe1c25"""
153****7466,"""A000007514F2EC"""
189****8855,0
180****0470,"""A100000D1cfa85"""
199****9546,"""869677032109287"""
177****4418,"""A000008D343B31"""
153****1895,"""863339034022432"""
189****4259,"""868231034663445"""
153****0707,"""99000763424513"""
133****0370,0
181****3749,"""869200030989293"""
181****8813,"""99001145439294"""
133****5674,0
189****1365,"""A0000070CCF42E"""
177****1222,0
177****8688,"""865579036733886"""
133****0622,"""867635033252557"""
133****2502,"""862503036624500"""
180****4577,"""99001026682970"""
199****8186,"""862096036613532"""
180****2762,"""867392030248226"""
180****8767,"""A000008A4FB99F"""
152****4000,"""A10000586A8DD0"""
173****0416,"""862400049261455"""
177****8036,"""A100005A486E7B"""
189****2306,"""a0000055091a6d"""
153****1502,"""a000004fdd8721"""
173****2434,"""868947033880157"""
189****3933,0
173****8593,"""A1000041FD5AF5"""
133****4901,"""861322034407755"""
181****2987,0
199****9152,"""A01155481688663"""
153****3664,"""860076037419834"""
180****0203,"""866445035250414"""
133****6855,"""358520080522555"""
189****9199,"""868990042953482"""
189****9877,0
177****7039,"""864278032412600"""
189****0908,"""864288034288098"""
177****6887,0
180****6520,"""863687049027865"""
153****0950,"""A0000070C9050F"""
133****3805,"""99000549246653"""
180****5370,"""861065032308687"""
173****5060,0
189****9036,"""99000833474721"""
133****6150,"""A000007246F332"""
153****6509,0
173****5069,"""866171035251174"""
181****4466,0
136****3051,"""866198038153412"""
153****6567,"""869234035200018"""
180****8500,"""99001235809089"""
153****6687,"""866376035036919"""
189****3013,0
189****5997,"""a00000595995a8"""
199****0240,0
170****5387,"""866624032998080"""
189****7337,"""862791033255887"""
139****8096,"""868427033488624"""
133****9882,0
180****3316,0
153****2272,"""A1000048005029"""
159****8101,"""863701031139784"""
180****2758,"""A0000087CA7EAE"""
153****5208,"""99000714259680"""
153****4052,0
189****5773,"""867362045059868"""
180****2025,"""A0000071F701F6"""
180****2714,"""a000005516e6e4"""
153****1605,"""866572032583677"""
177****8386,"""861271042084074"""
180****1016,0
133****9085,"""860303044852710"""
181****6441,"""869874032514265"""
133****5562,"""862756030918928"""
173****6355,"""865364038727313"""
177****7966,0
173****4588,0
153****0951,"""863254038658828"""
133****5589,"""A0000088E17D02"""
180****6312,0
189****0899,"""A00000455A1C86"""
139****1014,"""869014034260050"""
189****7829,"""861138040832798"""
177****6695,"""869096036523023"""
180****2500,"""863696036654664"""
133****5865,"""867392030562188"""
177****6995,"""A0000087A75E84"""
180****8857,"""864326034331151"""
176****5097,0
133****7711,"""A0000072B229A4"""
181****6888,"""869496039520457"""
133****0189,"""99001123686634"""
173****5108,"""A0000070B6A043"""
133****9356,0
177****0708,"""99000764143720"""
181****6204,0
133****1033,"""864552032279536"""
153****3637,"""863046036560398"""
189****3627,0
133****7837,0
153****7092,"""A00000735BFF30"""
185****4165,"""867910031869839"""
181****7697,"""A100004E463EB6"""
181****4227,"""866265035233479"""
153****0270,"""861907030446920"""
189****2993,"""865227033133813"""
182****8224,"""868427034857918"""
180****2260,"""862526032691116"""
189****6055,0
133****1801,0
181****1361,"""866938033544457"""
189****2290,"""864313037636711"""
173****3850,"""863845037084690"""
153****9131,"""99001080881451"""
180****5749,0
133****8865,"""869071034285495"""
177****9572,"""869698034825696"""
177****6698,"""A0000071C05ACA"""
181****6685,"""99000761325508"""
139****2135,0
133****1338,"""a000004fbed842"""
177****7637,"""865873039227925"""
181****9531,"""868600037307020"""
180****2843,"""354268096154591"""
180****9819,"""869818027738967"""
189****6126,"""357107071053476"""
153****6117,"""A100005132881D"""
133****1740,"""866792036437932"""
177****6087,"""867674036699779"""
133****2383,"""868394038725634"""
181****4343,"""A0000061E32EC4"""
189****8759,"""866568031312613"""
189****0128,"""A0000056B83F0A"""
189****3997,0
180****1352,"""862853031027674"""
133****8131,0
177****3717,"""99000739134113"""
180****0991,"""867898030571995"""
189****9868,"""864248035582766"""
180****0008,0
177****2765,0
139****6753,0
153****3991,0
180****1322,"""862209033742150"""
137****4774,"""99001084538744"""
153****1152,"""866089032726255"""
153****1688,0
180****8921,"""A10000543B7020"""
189****9989,0
181****2076,"""867234036908900"""
177****0667,"""864550030436660"""
182****5144,"""864416031370532"""
181****7889,"""866205040333260"""
173****0989,0
135****1081,"""99000812611368"""
130****8766,0
199****3815,"""A000008763F492"""
173****5554,"""864240033151355"""
199****8176,0
153****8253,"""A00000724876AF"""
181****9501,"""99001012534013"""
181****2991,"""A000005E902068"""
177****2029,"""862632031526459"""
189****3988,0
189****7152,"""A100004E09F31A"""
173****5602,"""869622031235154"""
173****7609,"""99001235684010"""
189****7779,"""A000008A352C9F"""
180****2090,"""99000942169287"""
153****7178,0
181****7577,"""868794031782534"""
189****8698,"""A000007402965F"""
133****6996,"""869949025238070"""
180****5205,"""869705033411657"""
189****0257,"""865709037841004"""
131****3198,"""860482038517800"""
181****6099,"""867899021595779"""
133****2627,"""863791034981381"""
180****0397,"""99000695056526"""
133****6218,0
199****1175,"""866874031029466"""
180****6186,"""A000007238190E"""
180****0638,"""863968040488482"""
153****6940,"""861078034891766"""
189****6667,"""865970030885659"""
189****6193,"""863968040536926"""
159****8226,"""866067037424696"""
181****5859,"""865873032862082"""
153****9700,"""A000007418355F"""
133****7607,"""A000008958EA50"""
180****7188,"""867316049675459"""
180****4466,"""860729031083986"""
173****0709,"""868738030957258"""
133****6338,0
180****8246,"""868859044231892"""
177****1717,"""866016038280276"""
180****2055,"""865969034173120"""
189****3037,"""865852044144465"""
153****9274,"""865747032501777"""
180****6063,"""864022039592406"""
181****6053,0
180****8011,"""868889049913814"""
133****9958,"""865763036192646"""
180****3031,0
133****4320,"""864232031718319"""
133****2682,"""A100005636D62F"""
189****8108,"""865861045981338"""
183****6466,0
173****3820,"""865376034098424"""
177****1605,"""A1000055ACE245"""
177****2999,"""866147046934891"""
182****4080,"""A00000715C50A0"""
189****3777,"""869455031516962"""
180****1198,"""865902037507937"""
189****8357,"""866716031784246"""
180****3280,"""867536032107786"""
133****9278,0
133****3301,"""862058045084683"""
180****0388,"""861533035128675"""
177****1628,"""864426031608690"""
139****8939,"""867442035858352"""
152****8370,"""A000007526E18E"""
173****3173,"""990008690164087"""
133****8804,"""A1000052B5AAB1"""
133****6350,"""A0000070E9311D"""
189****5692,"""867899031413237"""
153****5202,"""869479035761077"""
189****8178,"""869171035323095"""
189****2811,0
133****9159,"""866321036407768"""
181****7213,"""867540033303923"""
189****8455,0
180****9730,"""866636030505022"""
181****4689,"""86671403165799"""
150****4830,"""868392032020705"""
133****1409,0
177****6977,"""868577030461824"""
153****6652,0
189****4371,"""864883033161617"""
133****9696,"""A1000055AA6B97"""
153****7286,"""862609039945097"""
181****4236,"""99001023274578"""
133****3335,"""869464035293693"""
173****1621,"""A0000061C29809"""
139****3270,"""862061036132578"""
180****6362,"""862689036812425"""
180****3265,"""A0000074EED1D8"""
189****2499,"""a000005928cb9a"""
177****2027,"""868648037458582"""
181****1805,0
189****0873,"""99000966263079"""
189****9139,"""869157024995787"""
133****8635,"""99000913132917"""
181****2832,"""A0000056AA0843"""
180****3316,"""99000706302814"""
181****1921,"""866150036213938"""
181****8966,"""354039071527535"""
181****0013,"""865866031103243"""
153****4851,"""862858033362045"""
153****2480,"""869874037005145"""
181****8909,"""868407039813496"""
151****2912,"""866489035515699"""
133****4125,"""865830031472099"""
189****8868,0
153****6284,"""868973042559277"""
189****2255,"""A0000088B2B8A5"""
139****3068,"""863716030282559"""
199****4362,"""A1000013a203e2"""
133****1183,"""869979034558283"""
173****8568,"""867537036289273"""
180****1897,"""868394032984179"""
180****9912,0
180****7065,"""862820032063305"""
151****4689,"""867477038626117"""
189****1030,0
136****5445,"""864372035677663"""
177****0009,"""862505033397089"""
189****0640,"""A0000087664C36"""
153****2231,"""865861046679956"""
181****0810,"""869874035431038"""
177****9688,"""867701039083154"""
181****4681,"""867772031793595"""
180****8135,"""869552023723513"""
181****3010,"""352562075845431"""
180****0447,"""867993024550798"""
177****0581,"""A1000051525641"""
181****8532,0
153****4158,"""867881030458108"""
180****6669,"""867477030351938"""
152****4611,"""A00000737ACC93"""
181****1516,"""867174034502869"""
173****6106,"""860666047009094"""
180****8704,"""A0000063DBD8C0"""
153****1110,"""864458031873222"""
189****3225,"""866090036359929"""
180****3099,"""869902048806217"""
153****1103,"""861006030869569"""
177****9302,"""863447038699814"""
189****7636,"""869494036565393"""
189****1256,"""866413033866607"""
133****0778,"""862949034412697"""
155****7772,0
188****7606,"""865861044522232"""
181****1956,"""A000005681E825"""
133****0386,"""869456033859434"""
139****0819,"""860735037517034"""
133****6689,"""864905032356300"""
181****7400,"""861545037252196"""
177****7862,0
189****3242,"""866318037179677"""
199****9937,"""860121037893594"""
199****3050,"""861110037781569"""
153****5263,"""862855042700280"""
189****3721,"""867779031088629"""
181****1778,0
153****6896,0
181****2398,"""863976045109938"""
180****8883,"""A0000070F055BF"""
139****8583,0
180****9237,0
177****9301,"""862980033750126"""
189****7209,"""99001008489681"""
180****5829,"""865031032221912"""
150****5071,0
177****0821,0
177****3370,"""A000008A99AB11"""
153****9274,"""863777031324121"""
189****0530,"""A0000088141FD5"""
173****8399,"""862249032010761"""
189****0791,"""99000946794689"""
189****5586,"""A100005569D6FF"""
180****2950,"""A10000549B9E0C"""
133****0145,"""860596036207617"""
158****8598,"""861675045502504"""
177****5848,"""867665045478783"""
138****3553,"""864229033927633"""
177****2955,"""866202041904041"""
189****7916,"""862767032391238"""
181****6862,"""866369035645375"""
181****2060,"""864178032662131"""
133****2340,0
180****0819,"""864083038594058"""
189****9948,"""866375041627224"""
181****4445,"""A00000707EE312"""
153****7838,"""359274073210955"""
189****1961,0
180****9685,"""99001233368780"""
156****7665,"""866935033732256"""
180****5074,"""A0000033124906"""
177****3685,"""865034038128578"""
153****7789,"""99000865269523"""
153****2296,"""867950046439996"""
133****3212,"""864320031782151"""
189****7067,"""863845033233994"""
133****5538,"""867499036624357"""
189****1193,"""865938037131179"""
189****9816,"""862490036051381"""
133****7003,"""A0000073A6A081"""
189****0294,"""A00000885E65D8"""
133****9523,"""99000967444764"""
181****6170,"""864566038950486"""
153****6517,"""866790039179279"""
137****0288,"""862632030826710"""
153****9197,"""863182036255034"""
189****1506,"""864044033082242"""
180****3060,"""863209037134288"""
183****0768,"""862341036113632"""
189****3568,"""865422038576443"""
135****2666,"""864621031149048"""
180****3276,"""99001026384093"""
133****7266,"""865175042560239"""
153****3695,"""864404041370635"""
180****5972,"""869829044394635"""
153****9421,"""868299037686150"""
133****6601,"""A00000694B7A26"""
153****7659,"""865334039458614"""
133****0751,"""866198033412227"""
181****1297,"""868146031349295"""
177****3811,"""99001026761098"""
199****9473,"""869315035075557"""
189****8163,"""A100004C1F5AF8"""
138****4388,"""867547033989205"""
177****2816,"""868144033099851"""
199****3375,"""358695073041803"""
153****3018,"""A0000087C134A7"""
133****6508,"""865586028473520"""
177****8999,"""A00000641B222E"""
189****2770,"""869233030107558"""
177****0160,"""866657035683374"""
189****1735,"""864129036296483"""
177****4871,"""864240033151355"""
177****2121,"""A0000088F391BF"""
153****3981,"""A100005FC7E21D"""
189****7991,"""862002035007429"""
133****4950,"""868860030727091"""
133****2596,"""863979038966843"""
180****0369,"""866568036088713"""
180****8149,"""A000008ADD6A76"""
153****5216,"""865664039504763"""
136****4080,"""864821038111583"""
199****0687,"""869932036319493"""
134****9398,"""865736030797081"""
153****6385,"""A000007571AE23"""
189****7897,"""863046033848952"""
189****9746,"""862820039945348"""
173****6053,"""A0000073160930"""
177****3683,"""865312024639604"""
189****1808,"""866052034306039"""
180****9342,"""869939038550116"""
133****1503,"""863507037756301"""
189****9930,"""866935035446038"""
173****0596,"""869751036972790"""
181****0705,"""357556062468319"""
153****9020,"""358811070929003"""
177****5383,"""866712039002913"""
153****9905,"""99001024030421"""
189****8452,"""99000854268199"""
177****6645,"""863603034173820"""
177****0801,"""A000008A4C22D1"""
180****7322,"""868452032690236"""
177****0934,"""357759083742742"""
189****7700,"""862209039487909"""
133****7607,"""867478033158312"""
189****6258,0
199****4583,"""869906026512895"""
189****7897,"""864178039134514"""
189****5051,"""863248034594318"""
173****5830,"""A000005E193CCA"""
153****9082,0
153****3050,"""862667030817640"""
189****1671,"""A1000056319CE2"""
189****1188,0
133****0236,0
189****3421,"""A000007818D5DE"""
180****2901,"""A00000885663EF"""
133****1497,"""355021060226328"""
199****2880,0
199****9397,"""863056036930913"""
173****1116,"""A100004DA5062D"""
153****4691,"""869259038624112"""
133****6500,0
133****5101,"""864128032785663"""
177****6287,"""869496038697371"""
133****0879,"""865175044320434"""
180****9487,"""A00000705D6A95"""
133****8399,0
183****1145,"""865214036448596"""
133****4912,0
173****4215,"""865216036187959"""
180****9929,0
177****4980,"""866370039996129"""
189****7119,"""869115034710232"""
133****8985,"""865227031649141"""
153****1629,"""867800020609199"""
180****6898,0
181****7758,"""867498032249797"""
133****6958,"""867685037244340"""
133****9918,"""354732085060200"""
188****7026,"""867635035156061"""
173****9825,"""862634032988191"""
189****5688,"""A000007326E6CC"""
177****6281,"""866504039578731"""
153****9005,"""a0000059b990f2"""
152****9087,0
153****7271,"""861873036854378"""
173****0722,"""863065035240968"""
173****6566,"""867008037531485"""
133****9484,"""865551034012571"""
133****2391,"""99001080310848"""
173****5208,"""867216031574373"""
180****1580,"""868453035678111"""
189****0436,"""A100003A3B3C4F"""
181****6571,"""866370032112013"""
189****1008,"""a0000059004c2d"""
180****6235,"""864590036783251"""
173****3552,"""868452038865337"""
153****7227,0
189****7962,0
189****1953,"""99001121094212"""
177****5080,0
133****5695,"""866445033545369"""
181****2893,"""A100004E1BFB9C"""
133****4389,0
180****6889,"""862268039294004"""
151****4689,"""A000008A99AB11"""
199****3336,"""A0000063ECC808"""
133****9927,"""869454032938093"""
133****1646,"""A000008D826E97"""
189****0612,0
180****5106,0
186****3182,"""A10000545266EC"""
153****1799,"""869464038026421"""
189****5301,"""867665045349190"""
189****6791,"""866909032414398"""
180****7423,"""864911037503334"""
180****3786,"""864454035148513"""
189****9561,"""99001203303964"""
189****3952,"""868971030257094"""
180****2003,"""869541022864931"""
177****5720,0
153****8217,0
199****7602,"""99001203450844"""
199****4272,"""867523017146856"""
199****9756,"""869082036061768"""
133****1759,"""35234408113090"""
189****6820,0
153****0527,0
133****6663,0
173****2393,0
133****1230,0
133****6279,"""868375031179374"""
180****3370,"""867229035418729"""
177****2017,"""865526030731192"""
133****5630,"""866149031261181"""
133****0980,"""862531033742777"""
153****0625,"""99000694190763"""
151****8200,"""864243030466453"""
199****7991,"""864314037796737"""
184****8047,"""863381041961202"""
181****3331,"""A0000087048433"""
180****7865,"""862387035504552"""
133****3879,"""861062033027689"""
153****0495,"""862155031963993"""
181****3527,"""864854036217185"""
180****1058,"""863272035712836"""
173****9393,"""865861047360895"""
189****9516,"""868894030502691"""
133****6421,"""861613031408774"""
137****0312,"""866413031352386"""
180****4817,"""868648032125525"""
153****3080,"""A0000085FA3DB0"""
177****8505,"""869940039309411"""
153****0625,"""352097090075607"""
189****3582,"""A100003A3B685F"""
189****5200,"""862561035770500"""
181****2353,"""867498038439079"""
181****2836,"""865176037596931"""
181****2724,"""99001237534093"""
189****5048,"""358522089622105"""
133****2331,0
189****2302,"""359274071580151"""
136****3321,"""865628039765476"""
181****0423,"""866413036108866"""
133****4940,"""99000711970174"""
189****8890,0
153****5966,"""866197036460050"""
189****9668,"""a0000055cf2b51"""
173****8077,"""869111043014393"""
153****3316,"""866049034084269"""
133****9676,"""866150033338605"""
180****1609,"""868612023549705"""
189****3853,"""866936032598904"""
133****1395,0
189****7978,0
153****0314,"""868063032217035"""
133****2705,0
188****9523,0
153****7256,0
181****5056,"""869774037770203"""
189****6248,"""864141032444918"""
180****3959,"""864101037480390"""
137****5010,"""864329033293638"""
133****3988,"""99000577627403"""
173****5309,"""865675039424976"""
189****5530,"""862965032131998"""
189****5312,"""869384036846317"""
153****1153,"""A000008D76B443"""
133****6503,0
153****1413,"""868920030126858"""
180****6653,0
189****1591,"""868217034424318"""
135****1818,"""862258031333298"""
133****1143,"""868752026626504"""
173****7853,"""86690603264300"""
189****0508,"""867300032968121"""
153****6240,"""869754031405196"""
189****9943,"""869874036706115"""
133****4380,0
153****4414,0
133****6795,"""866935033013210"""
183****8889,"""864176032077607"""
153****6306,"""862681030894970"""
180****9872,"""A00000596D0450"""
133****1624,"""99001140433602"""
177****6830,"""A00000556998D0"""
189****6431,0
189****7288,"""867011036465994"""
132****7881,"""867300039944588"""
177****6527,"""863445033987648"""
181****6679,"""A10000543813BC"""
180****1973,"""359583070156775"""
133****6818,"""865334032929819"""
173****6871,"""864278031446880"""
133****1061,"""864682031197726"""
180****7383,"""867439035818378"""
180****1113,"""869979033711552"""
153****7625,"""862380031000899"""
180****8081,"""869706030358230"""
139****3089,"""866239032226125"""
180****0100,"""A000007465AD72"""
133****3692,"""867541032916707"""
134****6437,"""864264027901575"""
181****0515,0
133****1281,"""359942073455263"""
153****2966,"""358530082338603"""
153****8216,"""867008039314666"""
153****7926,"""868235000100787"""
180****2266,"""869982036984846"""
159****2752,"""864467046400053"""
133****4545,0
133****3041,"""869545020979211"""
153****7916,"""99000869181780"""
173****7089,"""866049039295993"""
189****1102,"""866843038780223"""
189****0009,"""868990043395907"""
135****3252,"""865968038937027"""
133****1747,"""864769043614242"""
181****3049,"""863739033072728"""
199****2786,"""868090020455616"""
173****1763,"""a00000591a73b4"""
189****3125,"""864682037144532"""
153****8368,"""867014032283155"""
180****6786,"""A00000706891B6"""
133****1095,0
133****0336,"""867707020568442"""
153****0558,"""867349040894399"""
199****9546,"""868454033529835"""
173****5541,"""A1000058875C9E"""
153****1553,"""866318031910796"""
177****3864,"""A100004E592161"""
180****9572,"""869824034550684"""
173****2426,"""869454031591422"""
177****1435,"""864913034233386"""
158****2190,"""861646031281429"""
133****1240,"""863473030424860"""
158****5553,0
153****4398,"""869801031243307"""
173****7662,"""866174030402776"""
173****5513,"""869150032543111"""
187****0301,0
183****3230,"""868217031086698"""
181****9005,0
173****9737,0
133****1033,0
199****8873,"""A0000088608EF0"""
189****3759,0
178****1180,"""865959049993026"""
189****8659,"""862552039740037"""
180****0704,"""99001142029128"""
180****2638,"""863708038615898"""
133****6896,"""A000007314AB58"""
199****0136,"""869368030003892"""
138****3581,"""868375030294778"""
133****5880,"""A000006EBF2468"""
173****3739,"""865852040569400"""
177****6234,"""869498033566676"""
173****7023,"""869829042383853"""
133****5562,"""869741046826490"""
189****0578,"""863197031721657"""
153****7112,"""869515039914277"""
199****8929,"""866822039799143"""
189****8977,"""869455039126095"""
189****4116,"""99001080688515"""
181****0909,"""A0000061B17A25"""
189****7152,"""867262030662272"""
180****1337,"""866937033548310"""
181****0909,"""869477020401048"""
177****3488,0
180****4344,"""864552032547742"""
189****0382,"""861626030204507"""
199****2733,"""355546053879030"""
180****7867,"""869966035194937"""
180****5841,0
180****7325,"""A0000088341360"""
173****0284,"""864765035085342"""
130****2834,"""862142037232599"""
181****9688,"""866936033408129"""
189****3012,"""a0000059bcf0f3"""
189****4848,0
181****2269,0
177****4511,"""862183033224735"""
199****6243,"""869233034692233"""
133****9310,"""868464039061121"""
181****0627,"""861258036501593"""
173****0298,"""867752024617324"""
177****2479,0
189****2972,"""867476038826115"""
189****5288,0
177****1055,"""862828033613051"""
189****8008,"""a0000059ab4a82"""
153****0096,"""A00000893156BB"""
173****9747,"""863197033642653"""
153****4728,"""865727045404292"""
181****7662,"""866258031243345"""
199****1135,"""865411032100466"""
173****0867,"""865729031179334"""
199****2551,"""862975033766098"""
180****4323,"""867499036401459"""
153****7927,"""864621037510201"""
181****0251,"""864178036915105"""
153****6512,0
189****2710,"""862813030713153"""
181****0707,"""A000006412FF6B"""
189****5787,0
199****3238,"""A1000058FE9436"""
133****3529,"""A1000049281AD2"""
153****6610,"""A100004C6660DD"""
189****7339,"""862521032205082"""
181****3368,"""861010032965052"""
181****6793,0
186****8668,0
153****8950,"""864416038965235"""
189****5111,"""355905071836374"""
173****6030,"""864678035009545"""
180****5689,"""869171030153919"""
189****1965,"""865581039488971"""
177****0036,"""864550036159902"""
173****6350,"""861608049202375"""
181****7272,"""869402038998330"""
133****5966,"""864600036992131"""
133****9968,"""A0000074048F9C"""
133****9627,"""863952035908902"""
189****0666,"""a000005e338da1"""
177****3446,"""868903030361212"""
180****9722,"""865579036116058"""
181****5236,"""864291031912298"""
181****4473,"""99001217601061"""
189****6788,"""A0000064830042"""
177****2660,"""864778047311424"""
153****3739,"""869412038369333"""
153****7267,"""866149030765349"""
189****6622,"""865970031856766"""
199****3416,"""861443037699816"""
199****1158,"""868245033761141"""
181****8648,"""862681034243257"""
189****2072,"""865861043848570"""
181****5050,"""865970038755664"""
177****8428,"""99000920241308"""
153****6184,"""862814034948639"""
173****3857,"""867951036872436"""
133****4792,"""865044030403176"""
181****6650,"""A000008958BFD7"""
134****2624,"""869979031011039"""
189****7115,"""A0000087EA0197"""
189****6168,"""8026889E"""
199****4373,"""869739048992344"""
177****6527,"""a0000059b990f2"""
173****1502,"""866250038915827"""
177****5515,"""869011026807286"""
153****1589,0
180****3394,"""866937032202695"""
180****0523,"""867237034825521"""
189****9158,"""864684036990907"""
153****6925,0
133****8523,"""866932032090315"""
177****6168,"""A0000071632C4D"""
199****3813,"""867362041389012"""
177****3959,"""862813030372257"""
153****9606,"""865969036477412"""
189****1488,0
180****3334,"""866239032067289"""
133****5395,"""a0000059b9a393"""
180****1063,"""A0000072B1D8A9"""
153****8045,"""A000008AC126CE"""
189****9325,"""860461030091436"""
156****5505,0
189****6121,0
133****1301,"""A00000731D1916"""
133****8599,"""863817032546379"""
181****2099,0
133****5620,"""864550035924199"""
153****9803,0
133****4270,"""867174035551766"""
133****5391,"""A00000482D7566"""
180****0623,"""99000939252352"""
181****9613,"""A1000049FD7BB1"""
180****9236,"""A0000061ABC151"""
173****6102,"""864566031969707"""
189****9928,0
133****3839,"""862829037307211"""
173****9592,"""99001122128226"""
189****3581,"""99000963542298"""
189****1061,"""862759034175453"""
173****4308,"""A000007480D971"""
139****6636,"""869166037923611"""
133****9281,"""864398043660318"""
180****4253,0
189****3550,0
158****1682,"""863054030257714"""
133****5000,"""A0000061CA9A7D"""
189****1988,0
173****5677,0
189****1091,"""862017038108875"""
180****9930,"""A00000568590DC"""
181****5038,0
181****2363,"""860980033716160"""
189****3408,0
135****6192,0
153****9591,"""A0000070B9A0AD"""
180****8386,"""865737023863302"""
199****8220,"""869171032352287"""
133****3640,"""99000645841461"""
180****4006,"""869200031236512"""
181****7869,"""A0000074EE9C7F"""
159****8126,"""865366037308672"""
177****7922,"""99001064481068"""
189****7906,"""A0000070CBEAF5"""
199****0068,"""867677032005958"""
182****8092,"""867635039244574"""
177****9610,"""863152042172101"""
180****9559,0
180****9861,"""A0000064E0C24E"""
189****3150,"""A0000089BFF412"""
177****6557,"""868364031241459"""
189****3433,"""A0000059806364"""
189****7388,"""A000008A4A980E"""
180****1392,"""868794032982232"""
136****1965,"""861844038302856"""
177****8785,"""861997045439051"""
189****4132,"""861243048165983"""
153****4005,"""862829032767211"""
189****0831,"""866052031704764"""
177****6626,"""863098036061851"""
153****5896,0
180****1272,"""864887031496966"""
133****0960,"""862521032244909"""
173****7686,0
189****6638,"""A0000044AADBCD"""
189****1821,"""863478031553906"""
187****7628,"""866872039164475"""
180****0192,"""861079038891794"""
180****7136,"""864404041488197"""
133****9286,"""869874035072303"""
189****1418,"""868403039454878"""
177****8962,"""864534034232341"""
153****7220,"""A0000085782AA5"""
189****2101,0
130****4349,"""A1000055DB488A"""
180****1573,"""867130038229867"""
189****7093,"""A0000089CFE922"""
133****8792,"""862022030034111"""
173****0619,"""99001023037685"""
189****2970,"""865403034828269"""
133****9333,"""A000008A480362"""
153****5576,"""862514038333701"""
180****1538,"""865121034448108"""
180****3039,"""868361035677050"""
189****2373,"""863444034782322"""
180****9972,"""866089039336553"""
177****9985,"""A0000073DE08B8"""
156****4999,"""864251032050399"""
134****8795,0
187****7628,"""862022030034111"""
177****5599,"""867550038007890"""
181****9798,"""A0000086452845"""
153****8928,"""864431035678699"""
177****2307,"""864368033046885"""
133****7273,"""A0000089BE8874"""
139****9029,"""869906020315410"""
153****7828,"""863792032809632"""
181****2430,"""864751031067476"""
130****7398,"""869765025433630"""
153****4287,"""863049031241535"""
153****8986,"""869979034420872"""
133****3397,0
181****0975,"""865579037727077"""
199****7889,"""99001020098335"""
189****3391,"""868146036576132"""
133****2007,"""868320044647330"""
189****0118,0
173****4482,"""865627030955516"""
189****7626,"""865044031033550"""
133****0856,"""869161027523497"""
153****7660,"""869705032263893"""
189****0715,"""A00000730051E3"""
133****6527,"""99001027557585"""
180****9601,"""A000004FE6F4B3"""
173****4675,"""865320036885511"""
189****2616,"""861988031016334"""
153****9358,"""868550035529374"""
133****0751,"""869705039771013"""
181****8800,"""862828043787317"""
183****7761,"""860983030770453"""
133****7916,"""A00000736D800B"""
189****3031,"""867620028046792"""
189****7276,"""866683049284173"""
177****4171,"""863807035008469"""
180****1000,"""867130036599527"""
189****2458,"""863388036069834"""
137****0008,0
181****1141,"""99001183037772"""
177****1290,"""862891032686106"""
133****0783,"""864101036926997"""
189****1777,0
181****0909,"""866202046772849"""
181****6937,"""860596036108708"""
189****7226,"""A0000078DC2A05"""
138****5388,"""866986043616757"""
155****1666,0
189****1468,"""866188038917056"""
173****6286,"""A00000720D923F"""
180****2353,"""869456032635330"""
153****1345,"""A00000713C7B97"""
183****7616,"""864806031085777"""
189****3692,"""A0000089269959"""
133****8859,0
189****7339,"""862844033153626"""
189****5138,"""863271033048516"""
133****1117,"""A0000072F2A9D7"""
181****7523,"""861874037818057"""
181****2982,"""864113035630090"""
153****1482,"""A000006AFA4949"""
153****2100,"""860172044898951"""
153****6026,0
153****3836,"""864412038788271"""
153****5133,"""869868039558192"""
133****6212,0
173****2667,0
189****6246,"""353460083122704"""
181****5688,"""866391045414212"""
180****3991,"""A00000887B0F40"""
138****3980,0
180****5613,"""869498039703331"""
186****3629,"""860270039963416"""
181****2366,"""A00000592B7BFF"""
133****3073,"""99001123320281"""
133****2101,"""A100005C65006D"""
181****6605,"""A00000890696CA"""
180****1065,"""A0000087F045C9"""
133****8298,"""863152043541379"""
180****1190,0
177****6200,"""A10000569D965F"""
189****9761,0
189****7181,"""99001080014802"""
189****1501,"""A000008DC8B0B4"""
133****1152,"""869813044704191"""
199****6839,"""865861041080556"""
136****9015,"""869236040176372"""
199****1392,"""867527034063580"""
189****5226,"""864427039424213"""
180****7235,"""869234035882534"""
173****7231,"""A0000088927DD6"""
189****4747,"""864404046566104"""
181****1259,"""867899029707681"""
133****3294,"""A100005DC05547"""
189****0067,"""A1000052B464B9"""
189****1128,"""A0000047F66306"""
173****2088,"""868217031086698"""
180****7512,"""A000008632A786"""
153****0102,"""A0000063686302"""
181****0385,"""869495036183038"""
189****4665,"""862986037078372"""
153****6228,"""A10000680D8114"""
153****2166,"""867375043639796"""
189****0437,"""99001008130999"""
189****7879,"""866352032664730"""
181****5017,"""867227033560138"""
153****3527,0
133****2988,"""864282042036599"""
177****3949,"""868454038927851"""
135****3560,"""862819035076983"""
150****0848,"""869166033370593"""
189****0451,0
181****7377,"""866015036214014"""
153****4356,"""867476038480871"""
181****9727,0
181****0726,"""864535031682784"""
175****2376,"""863397030335828"""
177****5692,"""865847040563056"""
180****1720,0
180****3010,"""864161036721475"""
153****0226,0
177****2044,"""863999034421494"""
183****8175,"""864175035729131"""
133****0055,0
189****0500,0
153****8988,"""863738033725996"""
153****2345,0
180****3573,"""866197033321818"""
153****9431,"""861065032308687"""
180****1988,0
152****0766,"""864551037609739"""
173****8755,"""867168023924290"""
150****2452,0
189****6792,"""99000876028761"""
181****3292,"""99001228853335"""
153****8008,0
173****2788,"""A100004E07D107"""
133****0070,"""99001140164488"""
180****1538,"""869979034420872"""
133****2227,0
173****7560,0
153****5032,"""869823042598701"""
173****5428,"""A000009111D392"""
199****9990,"""861451039804227"""
189****8725,"""867092032891961"""
180****3127,"""861406032112028"""
133****9587,"""869071030785191"""
189****9861,"""A0000012ABC0C6"""
177****1330,0
189****5589,"""862538031777234"""
133****7388,"""867666031453418"""
181****9990,"""866402032547623"""
180****3868,"""863336033337530"""
180****2687,"""863437034954479"""
177****5327,"""867472038002096"""
189****6078,"""99000978058745"""
189****6544,0
173****1849,"""863336032221859"""
153****8898,"""866909036774896"""
177****8656,"""864684039977000"""
153****9699,"""864404047607501"""
199****6613,"""866936036136735"""
173****2713,"""865315035099445"""
153****3330,"""869498032423176"""
189****6458,0
189****2306,"""864033032100469"""
181****1513,"""862982035012851"""
182****6963,0
189****7085,0
153****6168,0
180****6508,"""864178035574754"""
153****0920,0
181****5132,"""A0000085FBEB1B"""
153****9924,"""99000988272060"""
189****1168,"""A0000088599E52"""
189****4399,0
199****2099,"""866650030911874"""
135****1022,0
173****2301,"""864555032284877"""
199****1684,0
133****1783,"""869161025298985"""
153****0095,"""A0000089CF6BCF"""
133****3074,0
189****6109,"""A0000071BF275E"""
153****6613,0
133****7623,"""A100003A550CBB"""
180****3968,"""862374037682701"""
133****7682,"""867473038354438"""
181****8991,"""863125039803961"""
180****5292,"""867234039809162"""
153****1616,"""A000005E3A1455"""
189****4217,"""867237031353295"""
189****8389,"""864551036223631"""
180****8060,"""A00000603D1B86"""
177****8909,"""865551033639283"""
189****5966,"""A000008DAEFBF3"""
180****5268,"""869949028159661"""
153****6558,"""868793034671157"""
189****1299,0
153****9088,"""866938035475338"""
133****5279,"""868046038723098"""
181****8628,0
180****3577,"""869495031075783"""
189****5301,0
173****4755,"""865333039650014"""
153****7922,"""A1000050E7ECAB"""
153****1457,0
153****8177,"""A1000052BB6760"""
177****5812,"""866215033866515"""
189****0686,0
133****0255,"""866935030087522"""
133****7871,"""99001157504139"""
186****8835,0
189****4523,"""864399035115618"""
133****7452,"""99001008823716"""
153****0727,0
189****7235,"""a00000550f7de8"""
189****0855,"""864024032360286"""
180****1531,0
177****1049,"""A0000063A0004E"""
177****9518,"""868918036897050"""
173****1173,"""869869031531278"""
133****7167,0
199****7895,"""866533031726667"""
173****7880,0
153****4559,"""865583037427746"""
153****1958,0
189****5727,"""862859042246757"""
189****6144,"""865762031785842"""
181****4591,"""A000008A49FB25"""
181****7061,"""A000008641DA3A"""
189****1653,"""99000809193710"""
189****7176,"""866240033355418"""
180****6936,"""A00000641EFAD6"""
189****9899,0
181****1371,"""862635039641816"""
181****8605,"""864552038671496"""
181****7952,"""866090037078536"""
181****7178,0
180****6591,"""A00000713EFC5C"""
133****4332,"""A000008A3F205C"""
173****4107,"""862479037093344"""
177****9113,"""863954031682135"""
189****8016,"""865831035583964"""
135****1774,"""863328036735596"""
180****6963,0
173****3136,"""867788042240418"""
189****0326,"""865709033971094"""
166****1521,"""869071030461819"""
181****8227,"""868349029665421"""
153****1244,"""863056036581336"""
189****7810,"""863982034651070"""
133****2450,"""862033036400339"""
138****9928,"""862791031946057"""
180****8054,"""864031037383676"""
180****3660,"""865866036775334"""
189****5130,0
189****9169,"""A0000069986070"""
133****8967,"""A0000048517C6D"""
199****9729,"""865240040146330"""
153****9862,0
180****1184,"""862885032747314"""
189****1223,"""863982038063843"""
182****6243,"""864097031950471"""
177****5072,"""A10000589C7410"""
189****2555,"""868938038306710"""
189****3499,"""865023033618303"""
180****8621,"""865959045226686"""
153****5010,"""866370030781843"""
133****6769,"""869753038714311"""
135****6341,"""A1000050E2637F"""
181****2672,"""867927035518741"""
153****8983,"""863679033616993"""
177****2381,"""867228038079405"""
189****2120,"""86882303138559"""
177****0236,"""A0000065750EF6"""
181****8333,"""358695073997665"""
177****4757,"""a0000055e4e3aa"""
177****8182,"""357612083428947"""
189****0621,"""A000005E6F2551"""
181****6543,"""868052034362055"""
199****3246,"""862256048385152"""
181****6080,"""868014033961907"""
189****7604,"""868496036342260"""
153****0077,"""866228047428842"""
199****6025,"""861075034186940"""
153****5650,"""860965032751037"""
132****9636,"""865861048362551"""
177****9990,"""A00000716210DD"""
181****0699,"""863466032733791"""
133****1717,0
181****3259,"""A0000061B4043A"""
189****8893,"""A0000072583B66"""
187****3635,0
177****0217,"""865265047264620"""
177****2480,"""A0000070435985"""
181****3301,"""862458033989192"""
199****9150,"""868049032871855"""
189****4173,"""869513037566363"""
153****8455,"""A00000756A7E59"""
177****8233,"""866432036816815"""
180****9868,"""A100004E702C19"""
181****5477,"""869497034565133"""
189****4567,"""A000007820465D"""
133****0978,"""867698036949868"""
177****5711,"""867769032695894"""
153****9100,"""868404039634337"""
173****9445,"""866376035215299"""
133****9155,"""A0000087988B49"""
180****6922,0
189****1371,0
180****6669,0
133****0802,"""A000006415BF5D"""
153****9615,"""862552039166944"""
189****1374,"""865786040948349"""
189****7144,"""866341038261609"""
153****2380,"""862991035531653"""
189****7131,0
157****7732,"""863339038727200"""
153****7390,0
153****7298,"""A100006804A38C"""
189****8576,"""861451032509377"""
152****3300,"""861918039781746"""
189****5765,0
133****4177,"""869967031899735"""
177****6368,"""A100004DE212B9"""
181****0910,"""A000005569C8C9"""
180****6137,"""99001014136318"""
181****0152,"""866378035588956"""
173****3397,"""99000936132129"""
180****7158,0
199****5756,"""861543032350750"""
173****3388,"""A100005555198A"""
180****7269,"""864292030297558"""
133****0179,"""35460207381966"""
177****9069,"""869234034071436"""
199****1356,"""A000007AE503F3"""
133****9630,"""866188036201792"""
133****7623,"""868550035529374"""
173****1820,"""862966032273335"""
189****4597,"""A1000049F49586"""
181****7956,"""99000812540525"""
181****0299,"""868903039527557"""
189****4775,"""862759039931371"""
138****0021,0
189****8561,"""869824035419343"""
186****3159,"""866378035589277"""
180****3626,"""867011037257580"""
153****6483,"""867701039429134"""
180****8750,"""862844038821524"""
189****2982,"""861106031556247"""
173****1570,"""A0000073DA7260"""
189****8825,"""99000863366912"""
133****0311,"""869839038236676"""
134****7211,"""358166076416665"""
153****1007,0
177****3139,"""867473037107589"""
180****9319,0
177****9406,"""864341035494528"""
189****5186,0
153****8986,"""869541023614293"""
153****0918,"""A000006ABBD965"""
156****8361,"""868290034793859"""
173****2382,"""864751031756144"""
181****9969,"""863883036990120"""
176****7251,0
133****9239,"""863411031869345"""
153****0501,"""865584039288177"""
181****8282,"""868030033697689"""
189****7451,"""A00000640A6DB8"""
182****8235,"""867026026910635"""
180****9217,"""355757010629125"""
182****6008,"""A0000061AB5BD1"""
173****8707,"""864274039226705"""
181****2795,"""99001068371256"""
189****2567,0
158****6109,"""866150035666961"""
181****7327,"""865463038889774"""
153****4099,0
137****5229,0
159****5380,"""863136038647267"""
177****9448,"""864225032832972"""
180****5579,0
173****8090,"""864102033227777"""
153****6063,"""99000458012792"""
189****7288,"""865580036294887"""
189****5792,"""868897038009338"""
189****1215,"""A100005C5BA6D7"""
199****0648,"""99001084786045"""
177****7789,0
180****6733,"""868802048794465"""
173****9394,"""866171030423950"""
180****1669,"""867550035855234"""
189****2569,"""865921038174950"""
181****2064,"""A100004EB1680A"""
181****6585,"""861271048827195"""
139****7115,"""862629032837042"""
177****5275,"""864394032640254"""
138****0540,"""865320030907378"""
153****5888,"""863807034315659"""
189****0827,0
153****6329,"""863454035885008"""
153****7123,"""867548041453192"""
181****2926,"""862770036104540"""
158****8836,0
199****5689,0
177****0979,"""865809038357032"""
153****5167,0
136****0851,"""869172031396051"""
177****3737,"""869614032987859"""
153****1371,0
189****0503,"""359942075901876"""
180****4115,"""868740036903146"""
153****4949,0
180****8088,"""99001228950043"""
138****4580,"""867478035906866"""
153****6874,"""869456034573836"""
189****0092,"""868404020169194"""
133****2240,0
180****6404,"""864325036248298"""
173****6749,0
189****6045,"""A100005594A969"""
153****7803,0
153****9688,0
177****0701,0
189****2695,"""869154025124020"""
173****9769,"""868082034153410"""
177****8015,"""99001140832367"""
189****7456,"""862941035127705"""
181****9139,0
138****2899,"""868146038104396"""
180****0473,"""A1000055803A64"""
189****1357,"""862002039129864"""
177****1975,0
177****8488,"""A00000896087EF"""
181****9379,"""864679049046150"""
180****0664,"""867027033522785"""
173****6729,"""867526031408970"""
189****0545,0
133****4000,"""869713039420656"""
189****5267,"""862855033719646"""
133****7625,"""A0000072E05294"""
133****2100,"""355309073907699"""
173****3489,"""868632035117713"""
189****9399,"""353460080819211"""
189****2495,"""863793036575963"""
153****8959,"""865227033577431"""
133****8078,"""A0000072186847"""
181****8999,"""868973046188800"""
182****6448,"""866533032164736"""
180****9162,0
181****6889,"""A000007162F6F0"""
189****7626,"""A0000089CD61FD"""
189****6891,0
189****0185,0
153****1702,"""A10000481A0B98"""
189****7572,"""869868030182182"""
173****0385,"""866228032850042"""
133****2076,0
173****1733,"""86708503838204"""
180****9553,0
157****4996,"""868633033634816"""
135****7446,0
177****2380,"""A0000086C372B1"""
133****6725,"""A1000050B88453"""
153****4408,"""35460207101409"""
133****8078,"""A100005555198A"""
137****8151,0
180****2327,"""861189030094253"""
189****7235,0
189****9702,0
173****9994,"""865845039203734"""
189****1889,"""A00000649DD6EC"""
133****1316,"""99001113166849"""
133****7187,"""A000008A1791B2"""
173****9907,"""863716036765631"""
180****1688,"""867262036467783"""
153****0516,"""864278038521370"""
180****8858,"""864904038451272"""
158****5112,"""866935036531499"""
180****7506,"""866050028197018"""
173****8638,0
177****5923,"""866934033859177"""
199****0913,0
189****0073,"""864277038995295"""
133****2580,"""A000006423F1F6"""
137****9880,"""869933031834130"""
133****1488,"""351952086336614"""
189****0039,"""868510031206682"""
177****7662,"""867600030346265"""
137****4684,"""867252035272557"""
133****9866,"""A00000707F4D00"""
153****7955,"""864769044550585"""
173****8107,"""99000982290152"""
189****0931,"""A00000686F00C7"""
134****2263,"""866146030905925"""
189****3089,0
185****0168,"""868765039302624"""
180****2851,"""868548037003125"""
189****9502,"""862746036834229"""
189****3933,"""868382039273381"""
138****0415,"""A0000089961FD6"""
153****6405,0
189****6577,"""862911036791221"""
153****0955,"""867927032472181"""
181****8887,"""863858033502037"""
137****9880,"""A0000070435985"""
180****6087,"""869984036324775"""
153****8566,"""866716031298437"""
181****2762,0
181****6502,"""A000006E711F35"""
180****7806,"""A1000055C2F872"""
181****8909,"""A00000641CA022"""
199****4881,"""99001115280530"""
181****6262,"""354732085770493"""
181****3996,"""866228047502786"""
181****8753,"""868916035927696"""
153****0870,"""868362033217279"""
153****3686,"""A0000038E7D9E2"""
177****1581,"""a000005552e337"""
152****0470,"""860735035910736"""
153****8006,"""99001008066008"""
133****9272,"""866017037790596"""
189****2007,"""866147044156570"""
152****7997,"""A0000074A457F7"""
133****1112,0
181****2739,"""A1000050B97014"""
177****2341,"""99000913580426"""
135****9056,"""863968045655796"""
199****9236,0
181****5685,"""864229037284932"""
133****8079,0
189****2641,"""862505035671945"""
180****7857,"""864277035319382"""
153****0304,"""864253039734314"""
181****3125,"""866146031132388"""
133****0369,"""867519033940215"""
189****0624,"""866147044766790"""
153****9986,"""358314070857357"""
181****1568,"""868464041209981"""
199****6584,"""99001020674750"""
180****1377,"""865866030145252"""
189****8273,"""860662031898170"""
189****5138,"""862759039931371"""
180****1662,"""A0000061B9CBE2"""
180****0756,"""A100003A5092E4"""
189****2126,"""869150032418330"""
180****0809,"""865281039091756"""
133****1207,"""865579032210400"""
181****0390,"""A1000050C86101"""
181****6202,0
133****5323,"""866699038937597"""
180****8840,"""861079033447170"""
180****1730,"""861138044245757"""
189****3555,0
173****1984,"""864264024914043"""
173****3233,0
199****0501,"""862756040706230"""
177****8061,"""864566036684624"""
199****5558,"""866147044694232"""
177****1860,"""866533031848933"""
181****0383,"""869753031750775"""
180****9689,"""866936032599803"""
177****3298,0
180****8858,0
181****7528,"""866938033760194"""
133****6181,0
153****1578,"""99001027112131"""
180****3652,"""864740033114386"""
177****1279,"""A000007124C457"""
185****7169,"""863696032727985"""
181****5430,"""864664036221040"""
189****1789,"""A0000074A2C9EF"""
189****8314,0
181****0712,"""868129030668410"""
180****2891,"""862183036361435"""
177****1183,"""a000004fdfe1e7"""
177****2086,"""869285033354900"""
173****7199,"""860076034568617"""
153****7928,"""862785038301126"""
133****5252,"""865970030869000"""
133****0512,"""861414033303836"""
180****5091,"""869437022220366"""
189****0623,0
181****6099,"""862183032284490"""
181****6100,"""863539033191498"""
181****5571,"""862784030159731"""
180****2201,"""867140036620223"""
157****3536,"""865873034207906"""
182****3073,"""864285031813951"""
133****5140,"""866654034739224"""
189****9337,"""A0000071656FE7"""
173****1803,"""86729103350394"""
189****4723,"""868973049911281"""
181****8483,"""867677038424419"""
177****5769,0
181****6072,0
133****3979,0
133****9319,"""A00000735BF7B3"""
133****7918,"""867519030832217"""
189****9822,0
199****2037,0
133****6294,"""865044032648539"""
153****3228,"""A0000088334EC2"""
133****0181,0
177****9878,"""862455036916081"""
181****9088,"""861404030471074"""
177****4632,"""868990044130527"""
177****5080,"""868122034641319"""
153****9929,"""a00000599415cb"""
189****1143,0
189****6366,0
177****0998,"""864274036669261"""
133****7798,"""A000006440DC7F"""
181****8903,"""861257033299730"""
133****6335,"""865766036596013"""
133****0536,"""86326503072157"""
153****9791,"""869410029362044"""
189****3308,"""99000939179307"""
135****9535,"""869395024969309"""
153****8927,"""A0000070E76A7F"""
133****5936,"""A100004C04FCF1"""
180****9782,"""35460207128460"""
173****0257,"""99000878258292"""
139****4981,"""868381038178195"""
133****2502,"""861680046511736"""
181****3996,"""860662031898170"""
133****8850,"""863918035578961"""
133****0331,"""868551036731670"""
189****1196,"""865092044578798"""
189****2809,"""99001065981270"""
189****9600,0
189****8809,0
180****2201,"""869095037735057"""
173****9063,"""99000972307326"""
133****0658,"""99000085159897"""
133****3112,"""865034037164806"""
173****2972,"""863920044470537"""
189****6651,"""99000865326811"""
153****8660,"""864678036737110"""
181****7109,"""A0000055621F02"""
189****6508,"""A000008D90EA43"""
133****0694,"""863673045837911"""
139****6669,0
173****5948,"""A000006398966B"""
180****4088,"""866193037900434"""
173****2070,"""864511032483092"""
173****8603,"""869095038527321"""
133****8102,"""861141033981960"""
133****8938,"""863797037915193"""
153****9555,"""99000584292501"""
138****9565,"""868454030237473"""
133****1316,"""863271033048516"""
189****5282,"""868239024104726"""
177****4566,"""A1000050C93B76"""
189****7580,"""862660037625850"""
180****8627,0
180****2981,"""861065031246755"""
189****2128,"""A0000059370394"""
181****4913,"""99000645312552"""
189****7081,"""A1000058E09CE5"""
177****1283,"""867821037798353"""
181****3022,"""99001080454701"""
133****3704,"""A0000061270917"""
173****5699,0
199****1010,"""867375043102415"""
150****0934,"""352575070367375"""
199****3390,"""A000007EB2326E"""
180****6715,"""99001205000059"""
153****1057,"""866841030188791"""
133****7700,"""863969031497839"""
180****0993,"""862734030936851"""
199****0132,"""866939036229641"""
189****1631,0
153****1101,"""99001123582498"""
177****7145,"""864230036545901"""
189****8919,"""866123034216450"""
189****9619,"""864289039942838"""
199****7022,"""A00000875A26FF"""
136****6617,"""868826025365643"""
189****0309,0
181****1869,"""862209033901855"""
189****7366,0
177****6034,"""862265037750441"""
180****2818,0
189****2536,"""864278035407011"""
183****4177,"""866239036794599"""
133****8506,"""863471039905137"""
189****2858,"""A000008D845149"""
181****0523,"""99000872476302"""
153****8181,"""864429036125264"""
153****7452,"""A0000071D4A6E3"""
180****5297,"""99001235405069"""
181****8288,"""862526037350635"""
133****8104,"""860286036642639"""
199****7666,"""866937037485592"""
189****9603,"""861234039898682"""
133****7176,"""864229033619263"""
133****3318,"""862548038846346"""
189****7183,"""A00000554F368C"""
181****2155,"""868722033740291"""
189****5733,"""866875035774668"""
133****9195,0
153****1180,"""864643238173829"""
189****2365,"""99001145867718"""
189****7033,"""865861049502650"""
180****3434,"""A000006438D275"""
173****3930,"""866570036449168"""
180****8408,"""865988048868954"""
173****2923,"""868394039737471"""
173****6655,"""861594045232329"""
189****0121,"""867520047850598"""
182****7997,0
181****2018,"""A00000615623BA"""
180****3417,"""864081038889650"""
189****6570,"""A000008A870E92"""
177****3292,"""99000567296334"""
177****1521,"""A0000056AF3E2E"""
189****1207,"""865937039484040"""
181****1867,"""867926030829780"""
181****1062,"""A100003A570827"""
181****3779,"""866146039803246"""
180****0109,"""868973047705743"""
133****8191,"""869016021299181"""
153****2858,"""A000005565F3FC"""
189****5055,"""A00000654200B6"""
133****5123,"""99001080131873"""
181****1458,"""868648031118315"""
189****9115,"""86795103175814"""
180****0911,"""860916036224224"""
177****6785,"""A000008A3424E4"""
153****5867,"""866933039677179"""
186****1370,"""866119036102896"""
180****4633,"""866048038445120"""
189****8328,"""861234039898682"""
180****3527,"""864067035039175"""
153****4901,"""869829048631156"""
181****8665,"""863209038620004"""
153****9998,"""862771033333629"""
180****5385,"""A000008A5B56A8"""
151****8962,"""862484037973024"""
173****0628,"""869071036256759"""
136****6879,"""A000008D9EF5B3"""
181****0798,"""868632033998080"""
189****2181,"""A00000615623BA"""
153****0636,"""869156036296531"""
133****1816,"""866352034961654"""
189****9653,"""A0000072445FD4"""
180****0258,0
189****2181,"""A000008D14F33B"""
180****9053,"""868753026834072"""
133****8306,"""A000006AFBE5EC"""
180****3605,"""A100004DAA89D5"""
139****2056,0
137****8078,"""862526033888679"""
199****5779,"""99001187208354"""
173****2305,0
153****6356,"""864360039721017"""
186****6088,0
181****7520,"""A1000050FDE8C1"""
133****4295,"""866986047928190"""
180****8888,0
183****4348,"""867407032753948"""
173****4729,"""A000008834CCA7"""
153****3739,"""863696037432524"""
153****8997,"""864370034515314"""
173****0861,"""865855037699635"""
153****1725,"""863982034254123"""
155****4156,0
177****7044,"""863466036367257"""
189****0252,0
153****3812,"""99000942659984"""
177****9853,"""A00000645B3D75"""
189****4881,"""869309031309052"""
153****4956,"""864854043712590"""
189****9886,0
189****9256,"""A0000059212A12"""
173****2865,"""A1000054757ABC"""
133****7273,"""864647036356502"""
181****0977,"""99000872286254"""
131****9509,"""868299034631118"""
133****3455,"""A0000064449C9C"""
189****7967,0
189****9603,"""869713031770074"""
177****5565,"""862819031435621"""
153****3854,"""A000007466A253"""
189****7631,"""868055033135174"""
133****2621,"""863196039414430"""
189****2705,"""869158026735072"""
153****5668,"""A1000055D8BB09"""
181****1188,"""A000008755C826"""
189****4480,"""865540048373814"""
180****3207,"""99001122145882"""
189****0695,"""863263034914440"""
153****5757,"""A1000052B9BD6A"""
180****9415,"""a1000014883d16"""
180****8142,"""99000736674113"""
180****5798,"""A000008A0E4A22"""
180****1208,0
189****5146,"""868239023195188"""
153****1211,0
173****8695,"""862078049880191"""
189****1296,0
189****2171,"""99000863292370"""
181****4686,"""A1000050A0E17C"""
133****9101,0
153****8505,"""864131038508279"""
189****0029,"""865709030686133"""
189****0044,0
189****6362,"""867564030288713"""
173****2325,"""99000783023331"""
181****3181,"""860737037759152"""
153****6342,"""863894032388250"""
189****7700,0
173****2580,"""A00000749990B5"""
189****0316,"""86115703055939"""
180****2982,"""863056041459684"""
133****8388,"""A00000643689A9"""
177****9080,0
189****0076,0
177****9879,0
189****6986,"""867359041804610"""
153****2073,"""A0000078F8D509"""
134****1719,"""868052036932012"""
177****0052,0
177****3221,"""352709083491381"""
133****0567,"""862521030874038"""
177****2082,"""864431031907076"""
189****9544,"""A100003A021222"""
159****4543,"""A00000643914AF"""
180****6444,0
199****6666,0
189****2688,"""865296039840713"""
133****2366,0
180****7796,"""A00000617235E3"""
189****6066,"""866571036151796"""
181****0967,"""99000645173907"""
177****5007,"""868227038382115"""
173****6468,"""866379038608270"""
133****7765,"""863827030628558"""
133****1388,"""865736039363109"""
189****0007,"""866592034673649"""
177****2402,"""867520045888970"""
133****7817,"""86611103979802"""
173****3963,0
189****2368,"""865579035599403"""
181****6856,"""A0000073560B14"""
177****5241,"""869967033750753"""
199****2601,"""A0000061A87D2B"""
133****3608,"""869043026364547"""
180****3536,"""867701036493257"""
153****5757,"""869315027045758"""
180****7800,"""A000004FA25099"""
159****6416,"""A0000062F58073"""
189****5831,0
189****2899,0
180****0118,"""866069038754790"""
133****0785,"""869818026475157"""
153****0323,0
189****9785,"""867465034090412"""
189****3820,"""A1000045655BAE"""
153****1968,"""A00000685063E9"""
133****7816,"""866568031835860"""
181****9899,0
199****1343,"""865773031284769"""
177****5724,"""99001113385724"""
189****7888,"""869622032929078"""
199****1665,"""868600035848777"""
189****5611,"""A000006018F13B"""
133****9949,"""A000006494274D"""
133****1628,"""A100004DFF1273"""
173****0428,"""99000939925745"""
189****8141,"""866938035353055"""
133****2475,"""861794041207180"""
139****2953,"""868859042125559"""
158****7515,0
189****5808,"""A0000064120AFC"""
189****8728,"""a0000059c733d5"""
189****6562,"""864087030737011"""
153****6023,"""860980036966986"""
177****9526,"""99001113090238"""
189****5220,"""863062038124976"""
173****0508,"""99000672584833"""
189****6806,"""99001070601882"""
173****2475,"""867499030855239"""
189****1300,0
173****3447,"""864651036275100"""
189****9695,"""863513037734090"""
189****7036,"""353460081972282"""
181****1486,"""869495037213008"""
137****7373,"""863558049533139"""
153****7119,"""869386049193512"""
153****1556,0
173****5828,"""A0000071EA7442"""
180****1597,"""863739037624466"""
153****6098,"""868382032280433"""
181****7322,"""869232039725956"""
181****0637,"""869868039032743"""
181****9213,"""861141037759982"""
180****6045,"""862467036662656"""
173****9120,"""867359042271355"""
189****0975,0
181****8814,"""99000926079652"""
133****1377,"""A100004E67E1D3"""
180****0402,"""865320030119123"""
181****1549,"""99001008140853"""
189****3369,"""861063043462189"""
181****3444,"""869741035011559"""
153****4796,"""868479024646595"""
189****1230,"""a0000055bd88c1"""
189****1969,"""866011040999831"""
173****1155,"""869902041176311"""
180****2635,"""865411034061658"""
189****9689,"""A0000061E3024B"""
181****9045,"""866035033491381"""
177****9762,"""99000976025714"""
173****2923,"""A000008761F0EB"""
181****3092,"""A00000858C6500"""
150****8972,"""869166034192772"""
180****4740,"""86795503329043"""
189****3213,"""99000864166813"""
153****1770,"""863338040302101"""
189****9021,"""865709034152124"""
177****5938,"""864430037484833"""
177****6122,"""869412039111239"""
189****5598,"""864329031784372"""
177****4521,"""A0000087E94FE9"""
199****7262,"""354765084049865"""
177****1553,"""869902041176311"""
189****0550,0
199****9690,"""99001235899115"""
173****6910,"""865938035133359"""
181****6873,"""A00000723E9C59"""
189****5668,"""A00000455CB421"""
177****5120,"""A0000061689B40"""
180****0007,"""863982030945351"""
181****8555,"""864551035640413"""
177****4636,"""869874037172879"""
153****5511,"""861243042093322"""
180****3892,"""862531033000119"""
186****1865,0
180****2923,"""A0000055815D54"""
189****9396,"""A0000091E24CF4"""
187****9141,"""865578037832432"""
180****5593,"""A100004DD867E6"""
189****4083,"""867821037991974"""
189****2229,"""867011033194480"""
177****1205,"""99001139766727"""
189****2379,"""A0000061F84B54"""
133****6036,"""865214034154121"""
173****9128,"""A100005428CD64"""
133****8106,"""863471035018067"""
181****0803,"""861795033523252"""
177****8722,"""865762030003601"""
173****2666,"""868360037556411"""
181****5630,"""864448034084927"""
133****0786,"""861602037160059"""
133****8189,"""A1000049C19508"""
133****3730,"""869504037748085"""
199****6954,"""863739033717249"""
153****0734,"""866369036020586"""
180****5603,"""a00000595b1653"""
133****6558,"""867471039918458"""
153****7766,"""865551032428803"""
173****0985,"""869698039254777"""
177****2913,"""866445031170558"""
181****5737,"""868741034317537"""
186****5795,0
181****9258,0
189****7930,"""A10000589BA80B"""
133****8306,"""863209038620004"""
133****2555,"""861025045005779"""
177****2572,"""867054030023518"""
189****7009,"""863895031253338"""
158****1315,"""A1000050C2EDB0"""
180****3151,"""861076038166334"""
189****3753,0
153****9130,"""A1000053FDA78B"""
181****0828,"""862607034895549"""
177****7603,"""865767039802895"""
173****2948,"""A0000063E41763"""
177****1350,0
133****3379,"""864431033166895"""
153****5968,"""861443039236419"""
199****6516,"""862975036742690"""
189****5195,"""A10000525612CE"""
173****1155,"""A000007185D190"""
181****4680,"""867789028574366"""
153****1988,"""863793034211686"""
180****8128,"""866447031428952"""
152****6588,0
180****2690,"""99001020499998"""
180****5506,"""A0000071D4DFB5"""
133****0595,0
133****7816,"""A0000074440FB4"""
181****1554,0
177****9077,"""864699037032079"""
153****9088,"""356156072754229"""
189****2699,"""867556036234337"""
199****1324,"""A00000641D159D"""
136****0312,"""000000000000000"""
133****1068,"""863295038611457"""
153****1754,"""A000006EBD8C26"""
133****1481,"""863952036900932"""
177****0899,"""A0000071CDF163"""
189****7659,"""A000008D637B08"""
189****1818,"""358811070929003"""
177****1168,0
189****1234,"""A0000088BC8A53"""
189****3396,"""866228045675360"""
151****7902,"""865499032960625"""
133****8181,0
153****5977,"""861414035092635"""
181****7109,0
199****6735,"""867478033901398"""
180****0044,"""865499032364760"""
173****3080,0
181****7899,0
177****3013,"""869949028186581"""
189****0652,"""357058091429958"""
189****9514,0
177****1897,"""868741031247570"""
153****3651,"""863065036847944"""
189****8484,0
155****4442,"""862005030491480"""
153****1810,"""865297032114817"""
133****7687,"""864313034550774"""
153****0525,0
133****2424,"""860191030409763"""
189****0141,"""868286031008572"""
136****0677,"""A100005C4CF71F"""
131****2324,"""868148069146478"""
181****1486,"""861063043462189"""
189****5037,0
181****9926,"""869754031514898"""
136****0312,"""862490034184473"""
182****2715,"""860716038276739"""
180****9878,"""352709081710121"""
136****1729,"""862155034235068"""
177****0680,"""862183030189436"""
177****8055,"""865159043369212"""
133****1659,0
138****9008,0
181****2317,"""865982026375462"""
177****3759,0
133****1341,"""A000007080F241"""
189****6518,0
173****9392,0
133****1498,0
182****3303,"""A0000088B7E5EA"""
153****9551,0
177****8722,"""867011033194480"""
181****1106,"""869709022623918"""
133****7903,0
189****5546,"""A100004DD867E6"""
151****8744,"""865709032669277"""
153****7528,"""869234039042473"""
181****0915,"""868990048872371"""
180****1713,"""864621039502941"""
177****5558,0
199****3717,"""863166015869444"""
177****4357,"""867168020734288"""
177****8161,0
199****8583,"""863192036881960"""
133****9419,"""866229038924427"""
189****3181,"""352713095408037"""
189****9384,"""863858034592110"""
180****7986,0
189****5119,"""99001013259117"""
153****9539,"""864426030431805"""
153****0117,"""865411037176198"""
138****2017,0
177****4868,0
133****8606,"""A00000723A103B"""
173****1747,0
153****9669,"""860440038860273"""
189****0654,"""A0000070394FEC"""
177****2203,"""869172030772146"""
181****5269,"""862827039269660"""
153****5303,"""860477045337713"""
189****6486,"""A0000071D5D18D"""
153****9340,"""864751034377492"""
133****5176,"""867960036372602"""
189****1497,"""869315027045758"""
178****0578,"""861063049274356"""
177****6787,"""A000008A05CAA5"""
177****4163,"""865632032344750"""
153****8232,"""A0000059A87F57"""
133****6001,"""869573034558318"""
189****3302,"""863455034210262"""
181****3695,"""862911039632869"""
180****1690,"""862455037866111"""
199****3786,"""866320036942311"""
133****8856,"""863504035609962"""
180****2915,0
189****3302,"""356156072754229"""
189****5051,"""863239043470673"""
189****9199,"""869146023788368"""
133****5382,"""867928044114316"""
180****3999,"""862841034153761"""
181****2635,"""867771035557279"""
180****8586,"""A0000074BD5AB8"""
133****1863,"""869701030588225"""
173****6263,"""865629038976379"""
189****5287,"""868030024317099"""
180****0399,"""359583073858369"""
177****8683,"""861483030042531"""
177****6841,"""864373033453362"""
181****2265,"""866198034140066"""
177****7507,"""A0000072966114"""
199****3806,"""869459043378759"""
189****2052,"""863100034318125"""
181****3936,0
153****3607,"""867779038262383"""
199****2360,"""867830026378259"""
133****7335,"""862946033608895"""
181****1632,"""868902031078692"""
181****8882,"""862263036438712"""
181****0007,"""869496039685854"""
181****3615,"""867707022576336"""
173****7793,"""A0000087969C05"""
181****4201,"""A00000639541BC"""
189****5356,"""868512033335451"""
133****0006,"""a000005e3977f6"""
177****8082,"""359942075981183"""
180****5901,"""863687049226574"""
186****8822,0
153****3167,"""868144036817630"""
189****2705,"""867499035340591"""
177****5559,0
177****4225,"""865810037638703"""
189****4549,"""865810036515357"""
181****7655,"""A0000064C90E6F"""
199****6859,"""A0000055FBF310"""
153****7085,"""867478033631953"""
177****4245,"""A100004C1C8FBF"""
189****7122,"""864277039653943"""
133****0180,"""869071035513374"""
199****0933,"""867092037949228"""
133****4489,"""A100005540C82B"""
133****3845,"""866655031390739"""
180****7185,"""A000006EB8F9E9"""
177****4689,"""A0000061A973AD"""
180****0199,"""866356037608972"""
133****5885,"""865773034170569"""
133****0465,0
153****7555,0
153****2932,"""861945038143651"""
180****1725,"""869499030820397"""
133****6921,0
199****1633,"""A000007829E941"""
153****2266,"""352709084565589"""
181****8678,"""866847039933137"""
180****1211,0
151****9540,"""866936034232700"""
181****1440,0
189****3297,"""867676038749916"""
189****1802,"""A00000597824A3"""
177****8036,"""869598024790035"""
177****7068,"""866146037524885"""
133****8416,0
180****8599,0
133****4626,0
173****8861,"""868808026354727"""
180****2370,"""862770037143067"""
133****3719,"""A0000072D7EC00"""
173****3961,"""99001237576534"""
133****5185,"""867169030879980"""
180****5448,"""A0000087C2FC24"""
181****6006,"""865422030487763"""
189****7003,0
173****7663,"""A10000558FA91B"""
133****7773,0
133****9112,"""863049030288156"""
189****9161,0
153****3680,0
153****8093,"""A1000054436973"""
189****8555,0
189****8459,"""862635032993875"""
173****5003,"""862603033661016"""
133****1896,"""A000008527C6A9"""
180****0813,0
177****6263,"""864431035934134"""
173****5089,"""A100004C151135"""
133****8028,"""861942040037393"""
180****8282,0
199****6018,"""867928047684752"""
133****5666,"""866217034205768"""
181****6269,"""867192031220731"""
189****2524,"""869498039691395"""
133****6908,"""866228046141297"""
180****2568,"""a0000055c87644"""
189****8566,"""867551037057969"""
189****9963,"""867177030624660"""
189****0280,"""867237035733682"""
199****7896,"""864447033787670"""
173****8896,"""865583035015006"""
133****0955,"""A10000568F7946"""
133****8873,"""864241036340011"""
186****5658,"""A000008A6B5A8F"""
189****3622,"""866090033870555"""
177****0170,"""862263039024436"""
180****2569,"""99000860012933"""
189****8499,"""869902047433377"""
180****1806,"""865360038020998"""
180****0657,"""A000008817A8FE"""
181****9156,"""866363029061723"""
177****9844,"""860074450508662"""
188****5086,"""865582037463644"""
133****8234,"""A0000089E8B738"""
153****5035,"""860635037828854"""
180****3876,"""A100004C1C9066"""
133****5051,"""A000008798A2EB"""
133****7611,"""869346030516626"""
189****0160,0
133****8972,"""864411031585296"""
180****8080,0
180****8710,"""860391042094690"""
189****7087,0
177****1553,"""864411031585296"""
180****7639,"""a0000055418550"""
181****8802,"""A000006AFC047C"""
199****4167,"""a1000023220112"""
189****2656,"""867927036616213"""
189****2229,"""99001237576534"""
133****3162,"""A0000056401755"""
180****1801,"""357404070585420"""
187****5683,"""866042039485813"""
189****5891,"""868133031075930"""
189****5546,"""862538034051595"""
181****6822,"""869157022970055"""
189****9527,"""869379033479922"""
180****6368,"""868663033734977"""
133****5424,"""865581034612229"""
181****6869,"""A0000071D3C710"""
189****8663,"""862859035332069"""
133****5778,"""864248036455905"""
133****5622,"""868490049518230"""
173****6919,"""868512038279571"""
189****4151,"""867788049022389"""
133****7638,"""860268034643181"""
177****5472,"""869334027733156"""
181****9370,0
153****2111,"""A000007804B4AA"""
153****3150,0
189****2788,0
153****0189,"""869809035519317"""
133****5701,"""A000005E60DF15"""
177****1017,"""863064031390349"""
153****5528,0
153****5031,0
133****5131,0
180****0909,0
133****0191,"""866273032523173"""
173****8975,"""867910023750187"""
189****6216,"""867614041206434"""
187****6983,"""867677032843259"""
153****5186,"""A000004FFDABD6"""
133****0422,"""A10000525775A5"""
199****7171,"""865861040540915"""
133****4313,"""863845034133375"""
189****6096,"""868047038468635"""
189****8308,"""867665041363336"""
189****2781,0
133****2741,0
189****9262,"""862585032306505"""
199****3508,"""869381036471161"""
189****8065,"""a0000055531b29"""
180****2476,"""867367031572154"""
181****1171,"""862504039551955"""
153****5586,"""864398042722838"""
199****3232,"""A0000087EA3475"""
173****9240,"""A0000088A46E7F"""
180****4912,"""860758042663437"""
135****0760,"""867442035858352"""
153****8120,"""867665046310829"""
153****8789,"""A0000064231A26"""
153****2297,"""99001217973437"""
153****5648,"""A00000786167B7"""
181****2584,"""867163032702175"""
189****1229,"""862552039765794"""
180****4147,"""868454036747632"""
177****5300,"""99000982637819"""
133****0218,"""863295035939448"""
181****1533,0
173****1237,0
135****5090,0
153****7083,"""864370032924823"""
152****7207,"""861414037038313"""
189****0119,"""A0000056A41DC1"""
180****1979,"""99000474193474"""
180****3852,"""355757019216205"""
177****6991,0
151****6493,0
153****9609,"""99000829375829"""
189****5402,"""A1000059DA409B"""
133****7508,"""35460207793497"""
180****4880,"""A00000740C9EBF"""
153****1744,"""863184039698293"""
199****7470,"""860827027682017"""
173****2968,"""865906043623596"""
182****3069,"""99001203067058"""
180****6566,0
189****9555,"""868859042394775"""
189****7176,"""866620032397109"""
181****1670,0
180****1619,0
133****9712,"""A0000070FE762E"""
133****5909,"""A100005A4EE843"""
189****5712,"""863293033177632"""
181****1010,"""867778039221653"""
180****9816,"""865032035492443"""
153****6605,"""863708036124380"""
139****2913,"""863673046368692"""
199****4633,"""99000847874517"""
153****6603,"""866789020929288"""
189****5999,"""863008041137331"""
153****2980,"""864769042278874"""
199****1258,"""867295038784755"""
180****1690,"""862552039765794"""
183****1744,"""863542045128094"""
181****1498,"""867177037685904"""
133****0077,0
133****6866,"""867899024877422"""
180****9886,"""354763080433399"""
153****1316,"""A000008A18BA62"""
177****0751,"""867677030224171"""
189****2698,"""864751034727746"""
177****0876,"""A0000070E31141"""
153****0198,"""866049034808568"""
181****4698,"""A000008A75E145"""
139****2812,"""861247035358576"""
133****3210,0
133****3393,"""99000939996595"""
177****3637,"""A10000546E3F60"""
180****0788,"""869885038112417"""
189****6266,"""A00000647608EE"""
189****2470,"""861262031175098"""
136****7281,"""866371033033869"""
181****0695,"""866318035195147"""
177****2337,"""866657036550390"""
189****1028,"""869381035196280"""
189****2351,"""A100004EC497C6"""
153****3339,"""868510037982930"""
180****3937,0
177****7897,"""861744039560652"""
180****6928,"""863264034649457"""
189****8078,"""867252037130910"""
177****8315,"""A1000058A80074"""
181****2373,"""865032036887518"""
133****4916,"""358695072492056"""
133****1951,"""862209030268233"""
173****7207,"""A00000869103DE"""
153****0806,0
158****9102,0
173****6797,"""866570032349750"""
151****0536,"""864131030041964"""
181****2155,"""A100004E5970AC"""
181****2155,"""A00000688BD47D"""
199****9098,"""866402033219776"""
180****9069,"""A0000087DB43FE"""
189****1185,"""869718028768692"""
181****0184,"""863684039137333"""
181****1338,"""A100004238B8D6"""
180****0813,"""A00000793B9D8D"""
138****3780,"""869497034565133"""
189****7765,"""865216030462093"""
177****3557,"""A100004E1C421E"""
180****4476,"""865767034892784"""
199****2530,"""866952038534876"""
199****8955,"""358811076240017"""
153****1782,"""868407034294775"""
133****9913,"""864621030528531"""
180****7799,"""869813045017999"""
189****4280,"""A00000688BD47D"""
180****3773,"""A00000639678A3"""
189****8895,"""99001123091101"""
177****3722,0
133****1965,"""869410022014188"""
189****0598,"""869700036767635"""
181****8177,"""864692038020490"""
180****7213,"""864168034296897"""
177****6644,"""354765084150762"""
180****0077,"""869166031503534"""
181****4883,"""868577035478518"""
189****1665,"""868990043720393"""
133****7228,"""869759032071418"""
133****4445,"""863116035039551"""
135****3113,"""869698030732250"""
133****7389,"""352713097032736"""
189****0960,"""A0000059637DED"""
180****3686,"""A00000911D4072"""
189****8174,"""866840039357852"""
189****7660,"""860477043497477"""
173****3040,"""867772035265491"""
186****8007,"""864904031756099"""
133****5577,"""861942040499346"""
189****6767,"""864225038940159"""
189****0823,0
136****6936,0
199****2382,"""359583075715203"""
189****6592,"""869166037034070"""
173****8172,"""A00000710930F6"""
181****6340,"""869782027166431"""
181****5552,"""869498031061019"""
180****7105,"""869014036700632"""
137****2124,"""865032032978733"""
180****9081,"""866348044976831"""
189****4422,"""866953036531484"""
133****2922,"""A0000072F4E5D5"""
153****6811,"""869019032544017"""
180****6958,"""863600039746378"""
183****2375,"""862505032866365"""
133****0998,"""862770037075731"""
133****5428,"""866198039677690"""
189****0972,"""A0000064419A2B"""
177****1674,"""867779034435082"""
177****4430,"""A0000073701B27"""
133****0601,"""A10000545866B0"""
133****2848,"""869615047299537"""
189****9567,"""A10000524CEF47"""
189****6813,"""869756039915431"""
133****8855,"""864646030566454"""
153****7136,"""869622031140339"""
177****2055,"""861317027919840"""
180****2815,"""A000005F26AC92"""
177****8566,"""867368035100661"""
189****0323,"""864426038683498"""
180****5181,"""869156045518776"""
133****1028,"""867540037972046"""
189****1206,"""868548035721900"""
189****1661,0
180****0449,"""864181021180743"""
158****1837,0
131****0131,"""99001217188934"""
199****8808,0
155****7586,"""869435033992999"""
133****1006,"""866192027667730"""
153****6060,"""869233033515252"""
173****3911,"""A0000088371010"""
181****7235,"""869718038621238"""
153****1325,"""861958033699759"""
153****6326,"""A1000050C003F6"""
153****1518,"""A00000747C2699"""
180****2833,"""862965039116430"""
133****8581,"""866763032438265"""
133****5384,0
133****6007,"""A0000087F3B558"""
189****4219,0
177****6657,"""a00000552af9eb"""
153****8721,"""865773031646785"""
180****6705,0
133****8323,"""99000866089224"""
133****0888,0
133****8990,"""866228035619394"""
153****9861,"""863049039054211"""
180****0852,0
153****3855,0
199****3344,"""868615024409522"""
180****8567,"""865809036575007"""
133****6595,0
173****2236,"""864751038232800"""
181****4415,0
180****8621,"""99000812127909"""
180****3915,"""a000004ffa6a88"""
153****8149,"""861414031468839"""
181****8115,"""861837039135341"""
155****7933,"""865968033047541"""
199****8528,"""A0000078386AC3"""
177****1077,"""860983031021062"""
189****6661,0
185****6267,0
188****3257,"""862668032784499"""
181****2591,0
181****6956,"""862380037405670"""
153****9393,"""A00000487A6FCA"""
180****4385,"""866044038830700"""
136****3207,"""863125039803961"""
136****3226,"""862471037023538"""
170****0488,"""866624033148842"""
173****7218,"""866533032165774"""
189****9326,"""867392034440761"""
189****2022,0
133****5675,"""862119035214563"""
181****3818,0
173****3190,"""A000005E4A11AC"""
189****5254,"""861918035918532"""
199****8583,"""A1000087813144"""
180****4613,"""864295036959758"""
177****3015,"""A000008D3DF6AB"""
180****0343,"""865918031375998"""
173****4650,"""864325033453339"""
199****3818,"""867471039014811"""
177****6363,"""A00000713755CF"""
133****5362,"""863064030626081"""
189****0880,0
180****6243,"""868904035897671"""
189****6151,"""860778036350718"""
153****8171,"""869751034739613"""
189****1980,"""A0000055D28A6C"""
180****0299,0
181****3029,"""A00000568A95A1"""
133****2226,"""a000004fde85bf"""
183****1328,"""A0000073892AC4"""
177****8884,"""869756034065091"""
181****5120,"""866615031492992"""
187****4208,"""A100004C078913"""
133****0082,"""869552028768273"""
173****4138,"""869381039107507"""
183****4531,"""000010898405120"""
180****9238,0
199****5352,"""864163030750393"""
199****8373,0
173****6583,"""868918038327379"""
173****5868,0
199****8762,"""866792038454638"""
180****6303,"""868787038450667"""
180****8838,"""A100005154D0F5"""
189****1370,"""869989029517202"""
181****2264,"""A1000050041DFA"""
133****1984,"""861958034901980"""
138****2008,"""868889040994359"""
189****5700,"""862813034861172"""
181****1568,"""A00000636C0B79"""
189****2208,0
133****9065,0
180****9771,0
189****9022,"""A1000053E2BE85"""
137****0899,"""865730038440513"""
180****7712,"""A1000055925541"""
181****4503,"""A000008A262FA0"""
189****0799,0
180****0593,0
189****7787,"""862052031936246"""
180****6878,"""A1000059D4E580"""
180****2429,"""A0000055F9DFB9"""
177****0825,"""A100005C47A362"""
181****1897,"""867779038966082"""
177****9461,"""862791033255887"""
189****0047,0
180****3581,0
181****8599,"""359583079086197"""
133****5978,"""A100004C378B4F"""
189****0779,"""866372030109892"""
153****7889,0
133****5684,0
133****6969,"""869231027397083"""
181****2202,"""865939039994515"""
189****7441,0
133****4999,"""868853026103047"""
189****7018,"""864664031914557"""
189****5618,0
138****4440,"""866202042906698"""
173****6192,0
133****9351,"""865130032405598"""
153****0312,0
189****1519,"""867420032372312"""
153****5959,0
173****4448,"""A000008953F289"""
189****2093,"""A0000088ADCBC8"""
181****0916,"""866174034608238"""
181****8827,"""869906020659445"""
131****5238,"""869067036081932"""
189****5044,"""865970036725503"""
133****2721,"""A1000054207A63"""
189****7553,"""A0000059435CEC"""
189****6009,"""869622034078890"""
189****5589,"""867305039271528"""
189****2006,"""868375030517475"""
199****5350,"""865441032548901"""
153****5767,"""862209032827226"""
183****9996,"""860172047219510"""
153****6010,"""869171030410111"""
181****8442,"""865045035095172"""
189****0188,"""866938035815053"""
199****6158,"""867918026571641"""
153****8920,"""868035036162169"""
199****1554,"""869707034866657"""
181****1816,"""869709024479467"""
180****1818,"""862668033341208"""
189****7822,"""860077032789999"""
180****2302,"""861262032351334"""
189****5969,"""A100005584E8C9"""
131****5238,"""A1000054207A63"""
153****9556,"""865305036819388"""
180****1798,"""A000008ABA225B"""
181****1869,"""863979037494318"""
188****5476,"""866472035453756"""
181****4994,"""866158039335699"""
137****1725,"""865830035583453"""
133****8866,0
189****7976,"""867180039383148"""
153****2933,"""861065034209164"""
189****7272,"""869245035991786"""
180****4988,"""862187035838400"""
181****9583,"""869839038486644"""
180****3332,"""866822034505305"""
189****0186,"""862860031077179"""
180****7756,"""354730085496549"""
133****2186,"""99001011437287"""
189****9894,"""A0000070A717BD"""
133****9073,"""A0000087AA625F"""
199****5586,"""862950038034271"""
153****0068,"""862918032897589"""
177****3256,"""864640035028610"""
189****0896,"""866348046914939"""
180****5667,"""866953034516206"""
133****9839,0
133****7834,"""863912039744992"""
199****0029,"""869232032384652"""
133****2113,"""A00000862AD674"""
153****6685,"""869497030712176"""
133****0958,"""869454037379202"""
158****7686,"""A1000053E54C55"""
199****4988,"""A00000740ED59E"""
189****7582,"""869095034194829"""
133****4777,0
138****6473,"""861025045005779"""
180****4059,"""A1000053F666C4"""
189****5306,"""A00000891FBEA4"""
181****2280,"""99001123149629"""
133****9876,"""A000006EA0BDA5"""
181****0110,"""860219047700666"""
181****2302,"""867300035480603"""
189****8757,"""99001214621658"""
180****6474,"""866351031829930"""
177****9153,"""864398040266077"""
133****2656,"""869714038064891"""
181****1799,"""99000619993584"""
189****7485,"""865045039481659"""
173****0876,"""869620032758083"""
199****9247,"""866937036371819"""
180****9658,"""A0000085E69DFA"""
173****1928,"""863054039795698"""
133****0547,"""862244030473194"""
138****5260,"""A000008780FC05"""
138****2518,"""860525047980573"""
189****6541,"""866294032172241"""
180****6508,"""868415032653249"""
180****8849,"""86909603621085"""
189****2829,"""864458033482394"""
180****4290,"""865786044375309"""
133****9913,"""866174034608238"""
177****5031,"""866016034560333"""
173****8009,0
199****8059,"""867308031958639"""
133****1788,"""862337034347388"""
181****1509,"""A000008A0290BC"""
181****1900,"""A00000865F4006"""
177****7162,"""862471032141772"""
189****1351,"""A00000625784E4"""
189****1137,"""868860037061478"""
189****5278,"""A00000758F92C1"""
133****0972,"""863679048892498"""
153****6689,"""869402031614199"""
199****1822,"""863396037664354"""
153****6010,"""863054030245313"""
177****3386,"""a000005976652a"""
189****5612,0
132****4773,"""868038030614730"""
189****2802,"""864242034661457"""
189****0722,"""A000008578EBDD"""
189****4369,"""A0000088BB3B25"""
173****1383,"""868382038206655"""
153****8128,"""A000008877A946"""
153****3440,0
133****3359,"""868518037778455"""
181****7792,"""A1000055D8BE63"""
181****6566,"""A000007418A138"""
183****8230,"""866177036558194"""
180****6147,0
189****5588,0
177****2580,"""A00000870113BC"""
173****8848,"""99001113549388"""
189****2626,0
153****5986,"""353952072970317"""
177****9456,"""864035036745561"""
189****1777,"""864682036718856"""
181****8689,"""868823031340090"""
180****8181,"""869718026319670"""
133****9727,0
189****3612,"""99001148559117"""
181****4416,"""A0000061B0DC29"""
189****2273,0
180****2037,"""A0000071BF275E"""
189****6009,"""86999403201862"""
189****5761,"""866655030239796"""
180****5091,"""A000006EA05E77"""
180****4499,"""864429033469251"""
133****5903,0
189****5367,"""864467043224035"""
153****6113,"""864740039933177"""
133****7556,0
189****7778,"""A000008A422FA3"""
180****8806,"""868217031553614"""
189****3886,"""867667037390133"""
181****4013,0
153****9801,"""864274038606204"""
133****2221,"""869410027219378"""
180****6192,"""863116033790361"""
133****1180,"""351952080251116"""
138****2553,"""990007182663960"""
177****9305,"""863092037186163"""
182****3642,"""867477037953314"""
189****0422,0
173****2703,"""A0000089B17258"""
189****8898,"""99001021749355"""
133****5751,"""863678037740270"""
180****0209,"""866402030665310"""
133****0883,"""863330030432071"""
180****4419,"""861543035795555"""
173****4518,"""A00000710B7F78"""
177****8099,"""A000006EA29238"""
189****5141,"""864692038462577"""
180****3237,0
153****7793,"""A000008A9C40DA"""
180****1166,"""865360031935895"""
199****2333,"""868632032945793"""
180****0202,0
173****5695,"""863668049187339"""
180****8969,"""867551036142283"""
153****0368,"""A100005245F841"""
153****4799,"""862521035420761"""
180****4326,"""863883039544387"""
134****4840,"""865861047423719"""
151****1172,"""862783033126952"""
189****6130,0
189****0246,"""861492037667034"""
153****7169,"""866342033817775"""
199****8921,"""867391034797428"""
180****8611,"""A0000073D7AD06"""
133****0012,"""867926031463712"""
180****5088,"""A1000050C09ABA"""
173****6311,"""353280081046105"""
153****9662,0
177****0180,"""869435034316768"""
153****8500,"""864552039791814"""
187****0373,"""A0000064169714"""
180****6832,"""866356030273196"""
199****6629,"""868648039511099"""
133****6163,"""869902043767737"""
189****8712,"""868453039678398"""
189****6355,"""865763031849034"""
189****8896,0
133****5185,"""860076036193034"""
180****5550,"""A00000715EFD44"""
133****0652,"""862018030029697"""
136****8014,"""86690603264300"""
181****3841,0
181****6531,"""869541026335599"""
177****9363,"""863738029600013"""
133****3767,0
133****8963,0
173****8488,"""863055032809253"""
181****8218,"""863336031860251"""
133****1473,"""A000008675E862"""
180****5023,"""861599032183997"""
189****7398,"""863336037350091"""
189****4895,"""359596067874010"""
189****8992,"""867620025632529"""
133****9166,"""865861048068596"""
153****3988,"""865582037749539"""
153****5166,"""868375038950181"""
153****7018,"""866350031543426"""
180****2892,"""865552039179266"""
189****3539,"""861594045168234"""
181****7618,"""863272039166351"""
133****3725,"""866273037426364"""
189****3012,"""863687045424959"""
189****7486,"""866150035502661"""
189****8507,"""868404023154854"""
137****4960,"""868058037417853"""
180****8898,"""869902044797873"""
180****8247,"""866636036036410"""
189****8296,"""869014033013575"""
189****3253,"""866936036977054"""
189****0720,"""864032030607079"""
153****1113,"""A000005570873A"""
133****6413,"""863883037712192"""
133****3810,"""869782023585196"""
181****9222,"""868064038459258"""
136****6739,"""865741049618732"""
133****7522,"""863999037740270"""
133****7848,"""867349043615015"""
133****7875,"""868741039648613"""
177****8228,"""864326034331151"""
153****1443,"""865280031480793"""
189****3730,"""868035034004942"""
189****3665,"""867557032360910"""
153****3456,"""A10000542B9639"""
177****8170,"""865633030299855"""
189****5211,"""862561036982740"""
153****2017,"""867710036997647"""
173****5621,0
173****3621,"""869677032343761"""
180****5066,"""a000004fe6476a"""
159****3397,"""860360040134774"""
153****1039,"""864552032618618"""
180****1038,"""868049035146057"""
133****2030,"""99000982154994"""
153****5735,"""867229032670421"""
180****8303,"""862337030682705"""
181****2221,"""867367038962192"""
189****1181,"""867180035700154"""
180****4156,"""862078044237967"""
189****9203,"""868035039118168"""
177****8612,"""860261631510713"""
177****5677,0
153****9385,"""A00000732DECC5"""
189****9150,"""A000008878C1F5"""
181****9830,0
183****3619,"""862546037497921"""
180****8172,"""864621038355580"""
135****2030,"""869834029594746"""
189****9053,"""868740038666410"""
153****1159,"""A000006169E54B"""
153****2440,"""863295032699045"""
181****2750,0
153****2306,"""866656034988933"""
133****8080,"""869111047484253"""
177****4660,"""866145038506875"""
189****8635,"""862668032530256"""
180****1150,"""863793033186897"""
153****7730,"""862263034127499"""
177****8888,"""862455039259398"""
177****6000,"""869285036680327"""
189****1273,"""A100005097A397"""
199****3035,"""99000715403468"""
199****2237,"""A100004E10BC5C"""
133****8991,"""864566032855657"""
180****1115,"""99000945340298"""
189****3539,"""866135033814994"""
180****0250,"""A100005B84E412"""
177****9111,"""866919030087195"""
177****1186,"""863673040988859"""
173****5481,"""866123036089855"""
181****3689,"""A000004F8A4691"""
153****3957,"""867918028972805"""
177****6960,"""862976036485892"""
133****7725,"""A00000480DE116"""
173****1719,"""862823031995808"""
153****8137,"""864821031802006"""
151****2889,"""A0000070C1329A"""
177****9925,"""866568034352251"""
153****0599,"""A00000890A0014"""
177****4711,"""99001062633605"""
153****8830,"""A0000055622B05"""
189****0569,"""869615044328651"""
133****7027,"""864600030038196"""
153****2712,0
139****2005,"""A100004C79599F"""
189****5991,"""867821034993031"""
175****9712,"""869494036491418"""
153****9767,"""A100004566F80F"""
189****6616,"""99001140786488"""
189****1226,"""868039030364912"""
133****9665,"""867918024462660"""
181****4236,"""867899030146523"""
177****4211,"""865729034825156"""
180****1966,"""860121037210484"""
180****6667,0
180****8557,0
173****3705,"""868619030269698"""
180****6199,"""862771031530275"""
133****0381,"""866432034947661"""
133****9747,"""863969030938106"""
177****3731,"""356645090584899"""
153****3211,"""868452037586876"""
133****0708,"""868361032662592"""
135****7327,"""864097031029078"""
181****9916,0
189****0320,"""A0000059333F4E"""
181****4442,"""A00000614B22C5"""
189****8089,"""867536032249075"""
189****7783,"""862770031255578"""
189****9802,"""A0000073D2F1DE"""
153****2908,"""866957030774792"""
153****7001,"""862964035506538"""
180****7571,"""99001008042135"""
180****6440,"""99001235119400"""
199****2779,"""865555031940627"""
180****6932,"""A100004E6E93C5"""
173****1212,"""863957042812153"""
180****6205,"""867138035916634"""
133****1916,"""866935031111750"""
177****8180,"""A0000089798019"""
133****8777,"""865763039832677"""
173****5519,"""865159044969267"""
153****8123,"""A1000055C1A4A2"""
199****7259,"""864315035362935"""
189****2469,"""865334038191711"""
181****0179,0
189****2824,"""860797034128322"""
153****4123,"""99000663262838"""
133****2181,"""a000004fb56c50"""
151****8895,"""A000008ABDF424"""
189****6866,"""A100004DDC78C2"""
181****3388,"""A00000851B48CC"""
180****8588,"""A00000485160C8"""
180****4151,0
153****6967,"""863904034585132"""
189****5146,"""99000864042378"""
173****7194,"""869247034392628"""
171****1764,"""866982033945926"""
133****9299,"""866320030492818"""
133****2444,"""A00000718D0154"""
157****2230,"""862231030743874"""
153****2321,"""A100004E676063"""
199****2166,0
189****6355,"""A0000064169714"""
189****8828,"""862911037394223"""
199****1916,"""863095036725782"""
133****6533,"""861413031129839"""
133****7876,"""A000005699701C"""
133****7111,"""869741048721988"""
180****9276,"""A100004C193AD6"""
181****1954,"""99000862036597"""
153****8081,0
133****2008,"""86447803020012"""
180****2588,"""867667039600463"""
173****8405,"""865296031476193"""
199****0081,"""868551032089487"""
153****0105,"""A0000070497D48"""
177****3130,0
199****0645,"""869677032287885"""
180****8966,"""A100004811D086"""
173****3149,"""862078040469986"""
181****9767,"""869618020683800"""
181****6956,"""867367038962192"""
189****0720,"""864326034331151"""
153****2882,"""864678034628287"""
153****0135,"""865297032553519"""
199****6162,"""868765030753882"""
189****8368,"""865856041718593"""
189****7133,"""864351048883310"""
189****5268,"""A000006146C33F"""
133****0768,"""99001123376230"""
181****7799,"""865861049259418"""
189****2956,"""A0000055E563A1"""
189****7257,0
199****7875,"""A000005E0BCA66"""
133****8982,"""866572033872822"""
153****5566,"""868427039261777"""
153****4823,"""A100004C636A05"""
181****6578,"""864128038332882"""
189****8886,"""867535034500329"""
181****3257,"""869940034992039"""
199****7932,"""863444030078220"""
133****5538,"""866354036474660"""
189****8229,"""354039070461165"""
153****2076,"""866642030104584"""
189****5810,"""864277036609963"""
133****5367,"""868990049908539"""
173****8658,"""868973040899535"""
153****0793,0
133****0582,"""869464032808758"""
133****6981,"""867216035899792"""
153****6200,"""A0000063EDDC6E"""
180****3466,"""862565043072627"""
185****5878,"""867821033123069"""
153****6189,"""866123031123998"""
180****8687,"""869515032021138"""
177****9820,"""A000006EDA3C28"""
133****3750,"""868648037224711"""
189****1791,"""866228043550185"""
173****9512,0
173****1887,"""863026036079995"""
133****6222,"""862669039679468"""
173****5561,"""862720034513358"""
177****5689,"""A1000058D6573C"""
189****6065,"""A10000507D18EE"""
177****5563,"""354732084591882"""
189****2691,"""A000008569E717"""
189****0569,0
181****0217,"""A0000064E2097B"""
177****8292,0
180****9990,"""862265033117769"""
133****9118,0
138****6098,"""862918036082196"""
133****3229,"""860187041185772"""
180****5697,"""868981034184012"""
189****7859,"""99000310710711"""
181****9515,"""353114081926638"""
153****6598,"""861309031093712"""
199****3448,"""A00000712F0EE9"""
181****7607,"""868034030908305"""
180****5108,"""864230036693149"""
181****9092,"""A00000568D7217"""
199****2134,"""862467038802995"""
177****2657,"""865729032777037"""
189****3303,"""868362034275334"""
180****5470,"""863954030316909"""
133****3626,"""865227039589059"""
173****6393,"""863042037253968"""
153****6331,"""869704034467594"""
189****2750,"""A000006E8FE0E2"""
173****2883,"""86751703679573"""
133****9138,"""A000008569E717"""
133****5414,"""a0000059a95914"""
173****6839,"""A1000060E3E397"""
153****0697,0
133****4526,"""A000005E8C0B6A"""
199****1327,"""865741040618970"""
139****1029,0
157****2968,"""862991035771788"""
177****6826,"""A0000060AFCCA1"""
199****8137,"""866822033583220"""
136****6886,"""99001062690959"""
180****1890,"""864162034416092"""
180****4943,"""355300076621585"""
180****8905,"""866636033910294"""
189****8773,"""A000007326632F"""
133****5505,0
177****7567,0
177****0748,0
133****3972,"""867960030369067"""
189****6739,"""864225032106732"""
180****1890,"""868034030908305"""
180****3331,"""A0000087A38F39"""
133****1315,"""866228048978340"""
153****7695,"""860718034094025"""
177****0010,"""866419032238219"""
181****2652,"""866413032644625"""
177****0054,"""863897049514099"""
173****8653,"""868548032764291"""
153****0430,"""865132030225952"""
189****5280,"""862855046279893"""
133****0181,"""867548041453192"""
177****6672,"""355905072229595"""
199****1587,"""359583073468656"""
181****0662,"""A000008768A290"""
180****8359,"""869705033624572"""
158****3601,"""862505035359764"""
133****8117,"""861962034099340"""
189****9508,"""A0000073886DE7"""
133****1695,"""862986031963033"""
181****8207,"""A0000091175995"""
153****0673,0
199****1986,"""A0000074231A2D"""
199****8173,0
153****1087,"""866419030570746"""
133****3090,"""A0000074448B2C"""
153****2877,"""866149039957756"""
133****1055,"""352709082574591"""
181****5818,"""A0000086C3D1DF"""
153****4773,"""866952037909392"""
181****0761,0
177****8391,"""99000479769845"""
177****8332,0
135****3676,"""868551030127784"""
177****5188,"""A0000074BEBE0D"""
189****0216,0
189****1908,"""A00000747D57D1"""
180****4860,"""864821034732382"""
153****6375,"""868510037230108"""
153****7513,0
130****4253,"""354281051452413"""
153****5988,0
173****0926,"""864751038523315"""
173****4433,"""864646035993752"""
177****3046,0
199****6119,"""A10000555A76E4"""
180****0712,"""867540035071247"""
133****9138,"""A1000037D43823"""
180****4068,0
180****3226,0
181****6659,"""864248030457188"""
177****0703,"""A100005258C079"""
133****8809,"""A1000054588626"""
181****0471,"""862941039718277"""
180****5551,"""99001217258749"""
173****6032,0
189****6111,0
173****5839,"""865226036072184"""
180****0863,0
181****5218,"""A0000064FA7E57"""
155****8583,0
180****0011,"""A000008761F0EB"""
137****0203,0
153****0153,"""A000007466C3B2"""
133****7575,"""861594047615083"""
181****4065,"""865224037924164"""
189****7826,"""863272037823938"""
153****7603,"""A10000FD143EB0"""
181****1589,"""867365039095509"""
189****6768,"""35821107185815"""
153****0858,"""863336036654022"""
181****4860,"""99001126519066"""
181****7773,0
180****3000,"""A100005FCD39A8"""
180****6172,"""864351045962109"""
181****5007,"""99001064936743"""
189****1617,"""862784037653116"""
182****9078,"""A00000706563AA"""
133****5467,"""A000008984824A"""
189****7835,0
180****6038,"""864031038347118"""
131****5999,0
189****2200,"""a00000590c88be"""
189****9802,"""862337030682705"""
153****1789,0
153****4981,"""865836034312083"""
153****8818,"""99000709918791"""
181****5831,"""869352030171990"""
133****7444,"""A00000888D5B88"""
177****3309,"""863239042716290"""
153****5650,0
180****1945,0
